timestamp,ax (m/s^2),ay (m/s^2),az (m/s^2),wx (deg/s),wy (deg/s),wz (deg/s),roll (deg),pitch (deg),yaw (deg),tilt angle (deg)
2025-05-29 21:41:14.401,9.603808593750001,-0.8900390625000001,1.435546875,0.732421875,0.06103515625,-0.244140625,-34.7662353515625,-80.1507568359375,-14.710693359375,95.23694541975054
2025-05-29 21:41:14.498,9.599023437500001,-0.90439453125,1.3876953125,0.18310546875,0.0,0.67138671875,-34.837646484375,-80.13427734375,-14.61181640625,95.32731026743569
2025-05-29 21:41:14.574,9.60859375,-0.899609375,1.4307617187500001,-0.1220703125,0.244140625,1.77001953125,-35.068359375,-80.0958251953125,-14.3646240234375,95.29075704391694
2025-05-29 21:41:14.613,9.64208984375,-0.9331054687500001,1.44033203125,-0.18310546875,0.0,1.52587890625,-35.3814697265625,-80.0628662109375,-14.029541015625,95.46725145820348
2025-05-29 21:41:14.647,9.666015625,-0.92353515625,1.473828125,-0.18310546875,0.244140625,1.03759765625,-35.5242919921875,-80.035400390625,-13.8702392578125,95.39574526961577
2025-05-29 21:41:14.716,9.63251953125,-0.92353515625,1.45947265625,0.0,0.244140625,1.3427734375,-35.7000732421875,-79.9969482421875,-13.656005859375,95.41516484949265
2025-05-29 21:41:14.749,9.603808593750001,-0.9283203125,1.4307617187500001,0.0,0.0,1.0986328125,-35.8868408203125,-79.969482421875,-13.436279296875,95.46125139600213
2025-05-29 21:41:14.784,9.6181640625,-1.00966796875,1.4451171875000002,-0.18310546875,0.6103515625,2.685546875,-36.2109375,-79.925537109375,-13.07373046875,95.9266419420314
2025-05-29 21:41:14.848,9.651660156250001,-0.9809570312500001,1.44990234375,0.0,0.06103515625,1.953125,-36.5570068359375,-79.8541259765625,-12.7056884765625,95.73942878534426
2025-05-29 21:41:14.881,9.6373046875,-1.05751953125,1.44990234375,0.18310546875,0.6103515625,0.54931640625,-36.4691162109375,-79.87060546875,-12.76611328125,96.19297548576303
2025-05-29 21:41:14.944,9.651660156250001,-0.9187500000000001,1.50732421875,-0.30517578125,-0.9765625,-0.91552734375,-36.419677734375,-79.8211669921875,-12.799072265625,95.37291145087629
2025-05-29 21:41:14.976,9.68515625,-1.0814453125,1.5264648437500001,-0.6103515625,-0.9765625,2.9296875,-36.727294921875,-79.82666015625,-12.469482421875,96.29419891578972
2025-05-29 21:41:15.046,9.627734375000001,-1.01923828125,1.473828125,-0.6103515625,-0.48828125,6.16455078125,-37.6336669921875,-79.727783203125,-11.53564453125,95.97401818947438
2025-05-29 21:41:15.080,9.651660156250001,-1.0000976562500001,1.4259765625,-0.48828125,-5.2490234375,-1.64794921875,-38.5784912109375,-79.6673583984375,-10.5413818359375,95.85274768330399
2025-05-29 21:41:15.114,9.6181640625,-1.0958007812500001,1.4068359375000001,-1.5869140625,-0.06103515625,6.53076171875,-39.48486328125,-79.6783447265625,-9.5855712890625,96.4318460780472
2025-05-29 21:41:15.180,9.6564453125,-1.10537109375,1.4690429687500002,-2.25830078125,-5.55419921875,7.4462890625,-40.8416748046875,-79.5355224609375,-8.2177734375,96.45656207768104
2025-05-29 21:41:15.215,9.589453125,-1.16279296875,1.4642578125,-3.72314453125,-3.90625,13.48876953125,-43.1378173828125,-79.398193359375,-5.8941650390625,96.83532526130756
2025-05-29 21:41:15.245,9.64208984375,-1.22021484375,1.4307617187500001,-3.173828125,-8.85009765625,17.578125,-46.2359619140625,-79.1619873046875,-2.7301025390625,97.13518297777173
2025-05-29 21:41:15.306,9.666015625,-1.5743164062500001,1.31591796875,-4.57763671875,-11.77978515625,14.46533203125,-50.306396484375,-79.156494140625,1.47216796875,99.16750239442747
2025-05-29 21:41:15.336,9.718652343750001,-1.5264648437500001,1.1340820312500002,-3.72314453125,-10.6201171875,10.009765625,-53.6407470703125,-79.0850830078125,4.8944091796875,98.86706280614119
2025-05-29 21:41:15.396,9.61337890625,-1.6987304687500002,1.03359375,-0.8544921875,-4.57763671875,9.33837890625,-56.1181640625,-78.94775390625,7.5201416015625,99.9647264320327
2025-05-29 21:41:15.425,9.527246093750001,-1.6125976562500002,1.091015625,0.18310546875,-0.3662109375,3.35693359375,-56.9476318359375,-78.8104248046875,8.4759521484375,99.54569869193608
2025-05-29 21:41:15.457,9.551171875000001,-1.64130859375,0.9905273437500001,0.6103515625,-1.0986328125,3.60107421875,-57.4530029296875,-78.717041015625,9.107666015625,99.69965685915437
2025-05-29 21:41:15.525,9.59423828125,-1.6508789062500002,0.95224609375,0.0,0.0,1.52587890625,-57.755126953125,-78.651123046875,9.47021484375,99.71644285747976
2025-05-29 21:41:15.587,9.6181640625,-1.6460937500000001,1.00966796875,0.244140625,1.953125,-2.01416015625,-57.5958251953125,-78.64013671875,9.31640625,99.65968424173397
2025-05-29 21:41:15.618,9.599023437500001,-1.6078125,1.1484375,0.0,1.15966796875,-3.2958984375,-57.0025634765625,-78.7005615234375,8.690185546875,99.44251853621459
2025-05-29 21:41:15.649,9.58466796875,-1.5886718750000002,1.1675781250000001,0.30517578125,-0.42724609375,-1.3427734375,-56.71142578125,-78.782958984375,8.382568359375,99.34345030588162
2025-05-29 21:41:15.718,9.58466796875,-1.6078125,1.1580078125000002,0.48828125,-0.06103515625,1.3427734375,-56.7169189453125,-78.782958984375,8.404541015625,99.45510988463506
2025-05-29 21:41:15.752,9.579882812500001,-1.6604492187500002,1.1101562500000002,0.1220703125,-0.91552734375,2.25830078125,-57.0355224609375,-78.7225341796875,8.756103515625,99.76908916135733
2025-05-29 21:41:15.786,9.551171875000001,-1.6030273437500002,1.0623046875000002,0.30517578125,0.0,1.8310546875,-57.3211669921875,-78.6785888671875,9.0692138671875,99.47015105349331
2025-05-29 21:41:15.854,9.59423828125,-1.6604492187500002,1.0718750000000001,0.6103515625,0.91552734375,2.5634765625,-57.5079345703125,-78.57421875,9.283447265625,99.75922918534302
2025-05-29 21:41:15.887,9.58466796875,-1.6460937500000001,1.0862304687500002,0.0,0.18310546875,0.42724609375,-57.557373046875,-78.5247802734375,9.3438720703125,99.68423733254119
2025-05-29 21:41:15.922,9.603808593750001,-1.6700195312500001,1.1005859375,0.42724609375,0.79345703125,0.8544921875,-57.579345703125,-78.4808349609375,9.371337890625,99.80170594029197
2025-05-29 21:41:15.990,9.59423828125,-1.6700195312500001,1.1101562500000002,0.244140625,0.42724609375,-0.91552734375,-57.4200439453125,-78.4808349609375,9.2120361328125,99.81007773257943
2025-05-29 21:41:16.048,9.56552734375,-1.6508789062500002,1.11494140625,0.0,0.3662109375,0.18310546875,-57.3760986328125,-78.486328125,9.1680908203125,99.72742100506612
2025-05-29 21:41:16.077,9.58466796875,-1.6604492187500002,1.1580078125000002,0.18310546875,-0.244140625,1.03759765625,-57.4310302734375,-78.4588623046875,9.2230224609375,99.75879181364176
2025-05-29 21:41:16.108,9.59423828125,-1.6700195312500001,1.1197265625000001,0.18310546875,0.0,0.6103515625,-57.557373046875,-78.431396484375,9.3658447265625,99.80897756411393
2025-05-29 21:41:16.172,9.58466796875,-1.6987304687500002,1.1197265625000001,0.48828125,0.244140625,0.244140625,-57.5738525390625,-78.409423828125,9.3988037109375,99.98388227336653
2025-05-29 21:41:16.204,9.5703125,-1.6700195312500001,1.11494140625,0.42724609375,0.54931640625,-0.30517578125,-57.4859619140625,-78.4039306640625,9.327392578125,99.8332528611915
2025-05-29 21:41:16.263,9.575097656250001,-1.6460937500000001,1.1388671875,0.3662109375,0.3662109375,0.30517578125,-57.4090576171875,-78.3819580078125,9.25048828125,99.68762112718939
2025-05-29 21:41:16.292,9.59423828125,-1.6748046875000002,1.1005859375,0.48828125,-0.06103515625,0.3662109375,-57.4200439453125,-78.37646484375,9.283447265625,99.83873243176859
2025-05-29 21:41:16.323,9.575097656250001,-1.67958984375,1.12451171875,0.06103515625,0.9765625,-1.28173828125,-57.2662353515625,-78.3819580078125,9.129638671875,99.88259801172539
2025-05-29 21:41:16.353,9.589453125,-1.6460937500000001,1.1675781250000001,0.18310546875,-0.18310546875,0.48828125,-57.2003173828125,-78.3819580078125,9.052734375,99.67022301298312
2025-05-29 21:41:16.416,9.58466796875,-1.6748046875000002,1.1484375,0.42724609375,0.0,0.6103515625,-57.28271484375,-78.3544921875,9.1571044921875,99.84266165004769
2025-05-29 21:41:16.447,9.59423828125,-1.67958984375,1.12451171875,0.244140625,-0.732421875,0.54931640625,-57.4090576171875,-78.343505859375,9.305419921875,99.86353188893285
2025-05-29 21:41:16.508,9.599023437500001,-1.665234375,1.1197265625000001,0.18310546875,-0.244140625,-0.3662109375,-57.4420166015625,-78.3599853515625,9.3438720703125,99.77669753854184
2025-05-29 21:41:16.539,9.5703125,-1.6987304687500002,1.1340820312500002,0.42724609375,-0.3662109375,-0.18310546875,-57.48046875,-78.365478515625,9.3988037109375,99.99665159800182
2025-05-29 21:41:16.601,9.58466796875,-1.6460937500000001,1.1340820312500002,0.1220703125,-0.30517578125,-0.79345703125,-57.4090576171875,-78.4039306640625,9.3328857421875,99.6788175578928
2025-05-29 21:41:16.633,9.575097656250001,-1.67958984375,1.1340820312500002,0.3662109375,-0.18310546875,-0.1220703125,-57.45849609375,-78.409423828125,9.404296875,99.88147172877738
2025-05-29 21:41:16.665,9.58466796875,-1.6700195312500001,1.1484375,0.3662109375,-0.48828125,-0.3662109375,-57.4310302734375,-78.4259033203125,9.393310546875,99.81508746816345
2025-05-29 21:41:16.730,9.5607421875,-1.64130859375,1.11494140625,0.42724609375,-0.18310546875,0.30517578125,-57.4859619140625,-78.431396484375,9.47021484375,99.67678406044612
2025-05-29 21:41:16.763,9.589453125,-1.665234375,1.12451171875,0.3662109375,-0.42724609375,0.18310546875,-57.568359375,-78.4149169921875,9.5745849609375,99.78558471775537
2025-05-29 21:41:16.796,9.58466796875,-1.6508789062500002,1.11494140625,0.30517578125,0.42724609375,-0.54931640625,-57.5518798828125,-78.4149169921875,9.580078125,99.70862002758236
2025-05-29 21:41:16.860,9.59423828125,-1.6748046875000002,1.12451171875,0.48828125,-1.03759765625,0.42724609375,-57.667236328125,-78.4149169921875,9.7174072265625,99.83598028113312
2025-05-29 21:41:16.890,9.589453125,-1.6556640625,1.10537109375,0.30517578125,-0.54931640625,-0.42724609375,-57.72216796875,-78.4423828125,9.788818359375,99.73260953131464
2025-05-29 21:41:16.953,9.589453125,-1.64130859375,1.1197265625000001,0.42724609375,-0.67138671875,-0.8544921875,-57.72216796875,-78.4808349609375,9.8052978515625,99.64819374633262
2025-05-29 21:41:16.986,9.589453125,-1.6508789062500002,1.1197265625000001,0.1220703125,-0.6103515625,-1.3427734375,-57.733154296875,-78.5137939453125,9.832763671875,99.7033848945811
2025-05-29 21:41:17.020,9.579882812500001,-1.63173828125,1.10537109375,0.3662109375,-1.0986328125,-0.6103515625,-57.76611328125,-78.5687255859375,9.876708984375,99.60388111200407
2025-05-29 21:41:17.084,9.579882812500001,-1.6365234375000002,1.1101562500000002,0.48828125,-0.67138671875,-0.48828125,-57.83203125,-78.6016845703125,9.9700927734375,99.63097947958025
2025-05-29 21:41:17.147,9.5703125,-1.63173828125,1.0862304687500002,0.30517578125,-0.9765625,-0.6103515625,-57.89794921875,-78.6346435546875,10.0579833984375,99.61531444733072
2025-05-29 21:41:17.179,9.599023437500001,-1.6078125,1.0862304687500002,0.42724609375,-0.6103515625,-0.18310546875,-57.930908203125,-78.6676025390625,10.1129150390625,99.44942200872923
2025-05-29 21:41:17.213,9.579882812500001,-1.6460937500000001,1.06708984375,0.18310546875,-0.91552734375,-1.46484375,-57.9913330078125,-78.695068359375,10.2008056640625,99.69103072999332
2025-05-29 21:41:17.281,9.589453125,-1.5886718750000002,1.06708984375,0.0,-1.28173828125,-0.79345703125,-58.0078125,-78.7664794921875,10.21728515625,99.34999478657758
2025-05-29 21:41:17.312,9.603808593750001,-1.6125976562500002,1.0718750000000001,0.18310546875,-0.732421875,-0.67138671875,-58.1231689453125,-78.804931640625,10.3436279296875,99.47400074351268
2025-05-29 21:41:17.343,9.603808593750001,-1.5982421875000001,1.06708984375,0.18310546875,-1.15966796875,-0.79345703125,-58.1671142578125,-78.848876953125,10.3985595703125,99.39167698050028
2025-05-29 21:41:17.410,9.599023437500001,-1.6030273437500002,1.0623046875000002,0.1220703125,-1.220703125,-1.40380859375,-58.2550048828125,-78.90380859375,10.5029296875,99.42435319084737
2025-05-29 21:41:17.444,9.579882812500001,-1.56953125,1.0383789062500002,0.06103515625,-2.13623046875,-1.64794921875,-58.2879638671875,-78.99169921875,10.5523681640625,99.25121599457631
2025-05-29 21:41:17.479,9.579882812500001,-1.56953125,1.0144531250000002,0.18310546875,-1.15966796875,-0.79345703125,-58.46923828125,-79.068603515625,10.74462890625,99.25362140960821
2025-05-29 21:41:17.539,9.5703125,-1.5647460937500002,1.0240234375000001,0.1220703125,-0.48828125,0.0,-58.5406494140625,-79.1015625,10.83251953125,99.2339056504535
2025-05-29 21:41:17.596,9.5607421875,-1.56953125,1.01923828125,-0.06103515625,-0.42724609375,-0.30517578125,-58.6175537109375,-79.112548828125,10.9149169921875,99.27114376226571
2025-05-29 21:41:17.626,9.56552734375,-1.5791015625000002,1.0144531250000002,0.06103515625,1.0986328125,1.220703125,-58.6505126953125,-79.0850830078125,10.9478759765625,99.32263401776096
2025-05-29 21:41:17.654,9.599023437500001,-1.5503906250000001,1.05751953125,-0.1220703125,1.0986328125,1.03759765625,-58.524169921875,-79.024658203125,10.821533203125,99.12067109016829
2025-05-29 21:41:17.736,9.6181640625,-1.5791015625000002,1.0383789062500002,-0.18310546875,0.18310546875,2.13623046875,-58.623046875,-78.958740234375,10.9149169921875,99.27066493246157
2025-05-29 21:41:17.770,9.61337890625,-1.6221679687500001,1.00966796875,-0.3662109375,0.67138671875,1.15966796875,-58.765869140625,-78.8873291015625,11.063232421875,99.5264731495639
2025-05-29 21:41:17.800,9.589453125,-1.5982421875000001,1.01923828125,-0.42724609375,0.3662109375,0.6103515625,-58.809814453125,-78.8543701171875,11.0906982421875,99.4102733976542
2025-05-29 21:41:17.861,9.60859375,-1.59345703125,1.0718750000000001,-0.18310546875,0.9765625,0.48828125,-58.73291015625,-78.826904296875,10.9918212890625,99.35902856907778
2025-05-29 21:41:17.890,9.59423828125,-1.6269531250000002,1.05751953125,-0.42724609375,0.06103515625,1.46484375,-58.798828125,-78.782958984375,11.05224609375,99.5675718597857
2025-05-29 21:41:17.919,9.603808593750001,-1.6365234375000002,1.052734375,0.0,0.91552734375,1.52587890625,-58.897705078125,-78.7225341796875,11.151123046875,99.61401519420745
2025-05-29 21:41:17.984,9.589453125,-1.63173828125,1.0718750000000001,-0.18310546875,0.732421875,0.67138671875,-58.8592529296875,-78.6676025390625,11.1181640625,99.59828512201408
2025-05-29 21:41:18.014,9.589453125,-1.6365234375000002,1.0814453125,-0.06103515625,0.732421875,1.28173828125,-58.8592529296875,-78.6236572265625,11.1181640625,99.62486148485104
2025-05-29 21:41:18.072,9.58466796875,-1.6556640625,1.0814453125,0.0,0.48828125,1.220703125,-58.8592529296875,-78.57421875,11.1236572265625,99.73999822831408
2025-05-29 21:41:18.102,9.59423828125,-1.6604492187500002,1.0623046875000002,-0.1220703125,0.1220703125,0.91552734375,-58.9361572265625,-78.5357666015625,11.2060546875,99.76027817647095
2025-05-29 21:41:18.161,9.599023437500001,-1.6700195312500001,1.0623046875000002,0.0,0.6103515625,0.67138671875,-58.95263671875,-78.5028076171875,11.22802734375,99.81070234914671
2025-05-29 21:41:18.191,9.59423828125,-1.6508789062500002,1.0862304687500002,-0.1220703125,0.244140625,0.6103515625,-58.95263671875,-78.475341796875,11.2225341796875,99.70247072717446
2025-05-29 21:41:18.225,9.599023437500001,-1.6748046875000002,1.091015625,-0.18310546875,0.3662109375,0.244140625,-58.941650390625,-78.453369140625,11.2115478515625,99.83506932520396
2025-05-29 21:41:18.285,9.579882812500001,-1.68916015625,1.091015625,0.0,0.06103515625,-0.1220703125,-58.941650390625,-78.4478759765625,11.217041015625,99.9368755527377
2025-05-29 21:41:18.315,9.5703125,-1.6508789062500002,1.1101562500000002,-0.06103515625,0.06103515625,0.0,-58.88671875,-78.453369140625,11.1676025390625,99.72326101947945
2025-05-29 21:41:18.346,9.603808593750001,-1.6604492187500002,1.10537109375,0.244140625,0.0,0.3662109375,-58.8922119140625,-78.4423828125,11.18408203125,99.74607617780923
2025-05-29 21:41:18.407,9.599023437500001,-1.6748046875000002,1.0814453125,-0.06103515625,-0.1220703125,-0.30517578125,-58.8922119140625,-78.4478759765625,11.2005615234375,99.83614357011628
2025-05-29 21:41:18.438,9.551171875000001,-1.6508789062500002,1.091015625,0.0,-0.1220703125,-0.6103515625,-58.8262939453125,-78.4698486328125,11.14013671875,99.74429684134218
2025-05-29 21:41:18.501,9.5703125,-1.6700195312500001,1.0623046875000002,0.48828125,0.91552734375,1.0986328125,-58.8262939453125,-78.4368896484375,11.162109375,99.83920933786747
2025-05-29 21:41:18.532,9.589453125,-1.67958984375,1.0862304687500002,0.244140625,0.9765625,0.54931640625,-58.7109375,-78.387451171875,11.0577392578125,99.87268587990685
2025-05-29 21:41:18.563,9.599023437500001,-1.67958984375,1.091015625,-0.06103515625,0.0,1.28173828125,-58.7548828125,-78.3544921875,11.107177734375,99.86261848279203
2025-05-29 21:41:18.625,9.589453125,-1.6939453125000001,1.11494140625,0.06103515625,0.9765625,-0.48828125,-58.68896484375,-78.33251953125,11.041259765625,99.95207825273377
2025-05-29 21:41:18.687,9.579882812500001,-1.6556640625,1.1340820312500002,0.0,-0.18310546875,-0.30517578125,-58.60107421875,-78.3489990234375,10.9588623046875,99.73871938620576
2025-05-29 21:41:18.720,9.58466796875,-1.6700195312500001,1.129296875,0.42724609375,0.06103515625,1.40380859375,-58.6724853515625,-78.321533203125,11.05224609375,99.81733962167868
2025-05-29 21:41:18.751,9.579882812500001,-1.72744140625,1.1005859375,0.18310546875,0.1220703125,0.244140625,-58.7054443359375,-78.2940673828125,11.1181640625,100.15631348454572
2025-05-29 21:41:18.781,9.589453125,-1.67958984375,1.11494140625,0.30517578125,0.0,0.0,-58.677978515625,-78.299560546875,11.1016845703125,99.86940390923824
2025-05-29 21:41:18.845,9.5703125,-1.6843750000000002,1.1388671875,0.3662109375,0.42724609375,-0.06103515625,-58.5955810546875,-78.28857421875,11.041259765625,99.91328693118373
2025-05-29 21:41:18.876,9.5607421875,-1.6604492187500002,1.1197265625000001,0.30517578125,-0.42724609375,0.1220703125,-58.590087890625,-78.2940673828125,11.063232421875,99.78690865756111
2025-05-29 21:41:18.937,9.589453125,-1.68916015625,1.10537109375,0.3662109375,0.244140625,1.28173828125,-58.656005859375,-78.2611083984375,11.1676025390625,99.92563382314381
2025-05-29 21:41:18.972,9.5607421875,-1.72744140625,1.0958007812500001,0.1220703125,0.06103515625,0.1220703125,-58.6834716796875,-78.2391357421875,11.2060546875,100.17652719767572
2025-05-29 21:41:19.004,9.5703125,-1.6939453125000001,1.1005859375,0.1220703125,0.3662109375,0.67138671875,-58.6944580078125,-78.2171630859375,11.22802734375,99.97299662595177
2025-05-29 21:41:19.069,9.58466796875,-1.68916015625,1.1436523437500001,0.1220703125,0.6103515625,-0.54931640625,-58.5626220703125,-78.2061767578125,11.1016845703125,99.92592907506702
2025-05-29 21:41:19.132,9.5703125,-1.68916015625,1.12451171875,0.0,-0.6103515625,0.54931640625,-58.64501953125,-78.2061767578125,11.2005615234375,99.9425930589141
2025-05-29 21:41:19.163,9.579882812500001,-1.6939453125000001,1.1484375,0.244140625,0.18310546875,0.244140625,-58.6285400390625,-78.20068359375,11.2005615234375,99.95771521742937
2025-05-29 21:41:19.194,9.5703125,-1.7178710937500001,1.11494140625,0.0,0.1220703125,0.1220703125,-58.677978515625,-78.189697265625,11.2774658203125,100.10927504136558
2025-05-29 21:41:19.262,9.575097656250001,-1.703515625,1.1388671875,0.244140625,0.244140625,0.30517578125,-58.634033203125,-78.1732177734375,11.2554931640625,100.01882649853968
2025-05-29 21:41:19.295,9.575097656250001,-1.703515625,1.1340820312500002,0.06103515625,-0.6103515625,0.18310546875,-58.68896484375,-78.1622314453125,11.326904296875,100.01940065940731
2025-05-29 21:41:19.357,9.54638671875,-1.68916015625,1.1005859375,0.48828125,0.30517578125,0.9765625,-58.721923828125,-78.1622314453125,11.3818359375,99.96949388465778
2025-05-29 21:41:19.389,9.575097656250001,-1.7083007812500002,1.10537109375,0.1220703125,0.1220703125,0.18310546875,-58.73291015625,-78.134765625,11.4202880859375,100.05037759976166
2025-05-29 21:41:19.419,9.59423828125,-1.7130859375,1.15322265625,0.30517578125,0.67138671875,-0.3662109375,-58.6614990234375,-78.1292724609375,11.3653564453125,100.05281342312946
2025-05-29 21:41:19.452,9.599023437500001,-1.7130859375,1.1484375,0.18310546875,-0.18310546875,0.06103515625,-58.5845947265625,-78.123779296875,11.2994384765625,100.04855402870159
2025-05-29 21:41:19.520,9.575097656250001,-1.6843750000000002,1.1388671875,0.18310546875,-0.67138671875,-0.67138671875,-58.590087890625,-78.1402587890625,11.3214111328125,99.90849872963338
2025-05-29 21:41:19.585,9.579882812500001,-1.67958984375,1.1101562500000002,0.18310546875,-0.79345703125,-0.06103515625,-58.6724853515625,-78.1732177734375,11.4312744140625,99.87949450686936
2025-05-29 21:41:19.617,9.589453125,-1.7322265625000002,1.1340820312500002,0.42724609375,-0.18310546875,-0.1220703125,-58.7384033203125,-78.1787109375,11.524658203125,100.17003838520536
2025-05-29 21:41:19.649,9.58466796875,-1.7083007812500002,1.1197265625000001,0.18310546875,-1.03759765625,-0.8544921875,-58.7274169921875,-78.211669921875,11.53564453125,100.03898846338427
2025-05-29 21:41:19.680,9.589453125,-1.6843750000000002,1.129296875,0.48828125,0.0,-0.67138671875,-58.7384033203125,-78.24462890625,11.568603515625,99.89529033915673
2025-05-29 21:41:19.752,9.5607421875,-1.6748046875000002,1.1101562500000002,0.3662109375,-0.91552734375,-1.0986328125,-58.68896484375,-78.277587890625,11.5521240234375,99.87097903171431
2025-05-29 21:41:19.787,9.589453125,-1.6460937500000001,1.1197265625000001,0.42724609375,-0.79345703125,-0.42724609375,-58.68896484375,-78.321533203125,11.5740966796875,99.67579158654216
2025-05-29 21:41:19.853,9.579882812500001,-1.7083007812500002,1.07666015625,0.6103515625,-1.52587890625,-0.67138671875,-58.8262939453125,-78.3599853515625,11.75537109375,100.04884071924113
2025-05-29 21:41:19.885,9.579882812500001,-1.6700195312500001,1.091015625,0.244140625,-0.6103515625,-1.15966796875,-58.8153076171875,-78.42041015625,11.7718505859375,99.82648360658978
2025-05-29 21:41:19.917,9.58466796875,-1.6508789062500002,1.1197265625000001,0.0,-1.64794921875,-1.28173828125,-58.8482666015625,-78.475341796875,11.8157958984375,99.70807318373002
2025-05-29 21:41:19.987,9.579882812500001,-1.6700195312500001,1.0623046875000002,0.30517578125,-0.732421875,-0.06103515625,-59.0625,-78.519287109375,12.06298828125,99.82968891488461
2025-05-29 21:41:20.019,9.59423828125,-1.6508789062500002,1.06708984375,0.54931640625,-1.40380859375,-0.48828125,-59.095458984375,-78.5467529296875,12.1234130859375,99.70457533608587
2025-05-29 21:41:20.084,9.59423828125,-1.6508789062500002,1.0623046875000002,0.18310546875,-1.40380859375,-1.77001953125,-59.1998291015625,-78.6126708984375,12.2552490234375,99.70509585337376
2025-05-29 21:41:20.115,9.58466796875,-1.6221679687500001,1.0718750000000001,0.244140625,-1.03759765625,-1.89208984375,-59.183349609375,-78.7005615234375,12.2607421875,99.54764745482926
2025-05-29 21:41:20.147,9.579882812500001,-1.6078125,1.0623046875000002,0.42724609375,-1.220703125,-1.220703125,-59.1668701171875,-78.7774658203125,12.2772216796875,99.47029697581974
2025-05-29 21:41:20.217,9.59423828125,-1.6269531250000002,1.05751953125,0.48828125,-1.15966796875,-0.67138671875,-59.23828125,-78.826904296875,12.3760986328125,99.5675718597857
2025-05-29 21:41:20.283,9.555957031250001,-1.6078125,1.01923828125,0.54931640625,-0.30517578125,0.0,-59.293212890625,-78.85986328125,12.469482421875,99.49781569614031
2025-05-29 21:41:20.314,9.589453125,-1.6030273437500002,1.03359375,0.3662109375,-0.1220703125,-0.06103515625,-59.2987060546875,-78.8543701171875,12.5079345703125,99.43647357635416
2025-05-29 21:41:20.346,9.599023437500001,-1.59345703125,1.0144531250000002,0.3662109375,-0.18310546875,-0.3662109375,-59.293212890625,-78.8653564453125,12.5244140625,99.37399553556187
2025-05-29 21:41:20.412,9.579882812500001,-1.6125976562500002,1.01923828125,0.18310546875,-0.244140625,0.244140625,-59.2987060546875,-78.8653564453125,12.5518798828125,99.50247174614796
2025-05-29 21:41:20.448,9.555957031250001,-1.5886718750000002,1.0240234375000001,0.06103515625,0.244140625,-0.42724609375,-59.2657470703125,-78.870849609375,12.5244140625,99.38628261938787
2025-05-29 21:41:20.487,9.5703125,-1.6030273437500002,1.0383789062500002,0.1220703125,0.48828125,0.8544921875,-59.227294921875,-78.8543701171875,12.491455078125,99.45429596686509
2025-05-29 21:41:20.558,9.599023437500001,-1.6269531250000002,1.0479492187500001,0.0,0.18310546875,0.732421875,-59.271240234375,-78.8104248046875,12.5408935546875,99.56396082274959
2025-05-29 21:41:20.591,9.603808593750001,-1.6030273437500002,1.052734375,-0.1220703125,0.30517578125,1.40380859375,-59.3316650390625,-78.7774658203125,12.601318359375,99.42080038827
2025-05-29 21:41:20.625,9.589453125,-1.64130859375,1.0431640625,0.18310546875,0.48828125,0.8544921875,-59.3646240234375,-78.7225341796875,12.65625,99.65661399155607
2025-05-29 21:41:20.696,9.579882812500001,-1.6030273437500002,1.0479492187500001,0.0,0.30517578125,0.91552734375,-59.337158203125,-78.7005615234375,12.6397705078125,99.44413205645232
2025-05-29 21:41:20.771,9.5703125,-1.6460937500000001,1.02880859375,0.1220703125,0.91552734375,1.52587890625,-59.39208984375,-78.64013671875,12.711181640625,99.70454053268637
2025-05-29 21:41:20.808,9.5703125,-1.6604492187500002,1.03359375,-0.1220703125,0.9765625,1.52587890625,-59.3701171875,-78.57421875,12.6947021484375,99.78703198758699
2025-05-29 21:41:20.841,9.58466796875,-1.6556640625,1.0718750000000001,-0.30517578125,1.5869140625,0.8544921875,-59.2767333984375,-78.50830078125,12.59033203125,99.74105647487933
2025-05-29 21:41:20.874,9.599023437500001,-1.6460937500000001,1.0862304687500002,0.0,0.8544921875,1.03759765625,-59.1888427734375,-78.453369140625,12.491455078125,99.67020788143495
2025-05-29 21:41:20.938,9.599023437500001,-1.665234375,1.091015625,-0.18310546875,1.0986328125,1.220703125,-59.1448974609375,-78.3984375,12.447509765625,99.77995724104554
2025-05-29 21:41:20.972,9.579882812500001,-1.703515625,1.1101562500000002,-0.06103515625,0.6103515625,1.03759765625,-59.150390625,-78.343505859375,12.45849609375,100.01739696475629
2025-05-29 21:41:21.035,9.589453125,-1.6700195312500001,1.1197265625000001,-0.244140625,0.79345703125,0.9765625,-59.1009521484375,-78.310546875,12.4090576171875,99.8137125716133
2025-05-29 21:41:21.068,9.56552734375,-1.7130859375,1.1101562500000002,0.0,0.9765625,1.40380859375,-59.1064453125,-78.233642578125,12.4310302734375,100.08713473525034
2025-05-29 21:41:21.100,9.579882812500001,-1.7083007812500002,1.1101562500000002,0.0,0.1220703125,0.54931640625,-59.1339111328125,-78.20068359375,12.469482421875,100.0449634436854
2025-05-29 21:41:21.167,9.555957031250001,-1.67958984375,1.091015625,0.3662109375,1.0986328125,2.0751953125,-59.1339111328125,-78.134765625,12.491455078125,99.90562902364366
2025-05-29 21:41:21.199,9.589453125,-1.7178710937500001,1.11494140625,0.18310546875,1.220703125,1.0986328125,-59.0625,-78.0633544921875,12.4365234375,100.08977568772514
2025-05-29 21:41:21.265,9.59423828125,-1.72744140625,1.129296875,0.0,0.732421875,1.220703125,-59.0350341796875,-78.013916015625,12.41455078125,100.13821901467517
2025-05-29 21:41:21.299,9.575097656250001,-1.7465820312500002,1.15322265625,-0.06103515625,0.6103515625,0.18310546875,-58.9801025390625,-77.98095703125,12.3651123046875,100.26501105817584
2025-05-29 21:41:21.332,9.56552734375,-1.7130859375,1.1388671875,0.0,-0.18310546875,0.48828125,-59.0130615234375,-77.969970703125,12.4090576171875,100.08369664517427
2025-05-29 21:41:21.397,9.579882812500001,-1.7417968750000001,1.1388671875,0.0,0.48828125,0.6103515625,-59.0185546875,-77.9425048828125,12.4310302734375,100.23431965400944
2025-05-29 21:41:21.429,9.5703125,-1.7513671875,1.1580078125000002,-0.06103515625,0.0,-0.244140625,-58.9910888671875,-77.9425048828125,12.403564453125,100.2968985103958
2025-05-29 21:41:21.495,9.575097656250001,-1.7513671875,1.1436523437500001,0.1220703125,-0.42724609375,0.3662109375,-59.0460205078125,-77.947998046875,12.4749755859375,100.29372447287193
2025-05-29 21:41:21.528,9.551171875000001,-1.7513671875,1.1436523437500001,0.0,-0.244140625,-0.48828125,-59.0625,-77.9534912109375,12.513427734375,100.31860084578547
2025-05-29 21:41:21.562,9.5703125,-1.7083007812500002,1.1436523437500001,0.0,-0.54931640625,-0.18310546875,-59.0240478515625,-77.98095703125,12.4859619140625,100.050670014409
2025-05-29 21:41:21.627,9.579882812500001,-1.7417968750000001,1.0958007812500001,-0.1220703125,-0.732421875,0.0,-59.1229248046875,-77.991943359375,12.601318359375,100.2395030924185
2025-05-29 21:41:21.659,9.5607421875,-1.73701171875,1.12451171875,-0.244140625,0.1220703125,-0.79345703125,-59.1558837890625,-78.0084228515625,12.6397705078125,100.22827364051352
2025-05-29 21:41:21.723,9.579882812500001,-1.7130859375,1.129296875,-0.06103515625,-0.54931640625,-0.42724609375,-59.08447265625,-78.035888671875,12.568359375,100.0702524283645
2025-05-29 21:41:21.757,9.575097656250001,-1.72744140625,1.10537109375,-0.1220703125,-0.54931640625,-0.48828125,-59.161376953125,-78.057861328125,12.65625,100.16065333113808
2025-05-29 21:41:21.787,9.579882812500001,-1.7130859375,1.12451171875,-0.244140625,-0.54931640625,-0.91552734375,-59.161376953125,-78.0908203125,12.65625,100.07082412488876
2025-05-29 21:41:21.848,9.555957031250001,-1.73701171875,1.1101562500000002,-0.06103515625,-0.3662109375,-0.3662109375,-59.1998291015625,-78.1182861328125,12.6947021484375,100.23495470319203
2025-05-29 21:41:21.906,9.589453125,-1.6939453125000001,1.1388671875,-0.1220703125,-0.244140625,-0.48828125,-59.1668701171875,-78.1402587890625,12.6617431640625,99.94925797143382
2025-05-29 21:41:21.935,9.56552734375,-1.7178710937500001,1.1005859375,-0.06103515625,-0.54931640625,-0.18310546875,-59.2218017578125,-78.15673828125,12.733154296875,100.11586034857235
2025-05-29 21:41:21.966,9.54638671875,-1.68916015625,1.10537109375,-0.06103515625,-0.79345703125,-0.91552734375,-59.2327880859375,-78.1842041015625,12.7496337890625,99.96893556117016
2025-05-29 21:41:22.029,9.555957031250001,-1.7130859375,1.0814453125,0.30517578125,0.30517578125,1.40380859375,-59.315185546875,-78.1842041015625,12.8485107421875,100.10026101539314
2025-05-29 21:41:22.059,9.579882812500001,-1.703515625,1.091015625,0.0,0.1220703125,-0.1220703125,-59.271240234375,-78.15673828125,12.821044921875,100.01962067983744
2025-05-29 21:41:22.088,9.58466796875,-1.6987304687500002,1.1005859375,-0.244140625,0.30517578125,0.48828125,-59.271240234375,-78.1512451171875,12.821044921875,99.98611541884718
2025-05-29 21:41:22.146,9.58466796875,-1.7083007812500002,1.1197265625000001,-0.06103515625,-0.1220703125,0.18310546875,-59.2987060546875,-78.134765625,12.8485107421875,100.03898846338427
2025-05-29 21:41:22.174,9.575097656250001,-1.703515625,1.11494140625,0.0,-0.06103515625,0.3662109375,-59.3316650390625,-78.1292724609375,12.89794921875,100.0216740966577
2025-05-29 21:41:22.203,9.589453125,-1.72744140625,1.11494140625,0.30517578125,-0.1220703125,0.79345703125,-59.3756103515625,-78.11279296875,12.9583740234375,100.1448217944233
2025-05-29 21:41:22.267,9.575097656250001,-1.7513671875,1.10537109375,0.06103515625,0.06103515625,-0.06103515625,-59.403076171875,-78.0963134765625,13.0133056640625,100.29839099985247
2025-05-29 21:41:22.326,9.575097656250001,-1.7178710937500001,1.1101562500000002,0.244140625,-0.18310546875,0.1220703125,-59.4140625,-78.101806640625,13.0352783203125,100.10496026453409
2025-05-29 21:41:22.355,9.58466796875,-1.7226562500000002,1.1197265625000001,0.42724609375,-0.06103515625,0.1220703125,-59.39208984375,-78.101806640625,13.040771484375,100.12161254693565
2025-05-29 21:41:22.386,9.56552734375,-1.6939453125000001,1.11494140625,0.1220703125,-0.48828125,-1.0986328125,-59.3646240234375,-78.123779296875,13.0352783203125,99.97614486860326
2025-05-29 21:41:22.447,9.58466796875,-1.7178710937500001,1.0862304687500002,0.48828125,-0.79345703125,0.30517578125,-59.425048828125,-78.1512451171875,13.1231689453125,100.09800068021053
2025-05-29 21:41:22.484,9.5703125,-1.7417968750000001,1.06708984375,0.30517578125,-0.42724609375,-0.91552734375,-59.4635009765625,-78.167724609375,13.194580078125,100.25275455038391
2025-05-29 21:41:22.519,9.5703125,-1.703515625,1.0862304687500002,0.06103515625,-0.1220703125,-1.28173828125,-59.3865966796875,-78.2171630859375,13.11767578125,100.02986281542988
2025-05-29 21:41:22.581,9.589453125,-1.67958984375,1.11494140625,0.18310546875,-0.42724609375,-0.91552734375,-59.2822265625,-78.255615234375,13.02978515625,99.86940390923824
2025-05-29 21:41:22.611,9.59423828125,-1.6939453125000001,1.1005859375,0.18310546875,-0.8544921875,-0.67138671875,-59.34814453125,-78.2940673828125,13.106689453125,99.94894076501119
2025-05-29 21:41:22.642,9.58466796875,-1.6939453125000001,1.07666015625,0.3662109375,-0.8544921875,-0.48828125,-59.403076171875,-78.3270263671875,13.18359375,99.96128148330781
2025-05-29 21:41:22.706,9.58466796875,-1.6700195312500001,1.0958007812500001,0.0,-1.03759765625,-1.64794921875,-59.3756103515625,-78.387451171875,13.1781005859375,99.82119340416806
2025-05-29 21:41:22.740,9.589453125,-1.67958984375,1.0718750000000001,0.3662109375,-1.15966796875,-0.8544921875,-59.4580078125,-78.4478759765625,13.282470703125,99.87429595549553
2025-05-29 21:41:22.800,9.589453125,-1.665234375,1.07666015625,0.06103515625,-1.15966796875,-1.0986328125,-59.501953125,-78.497314453125,13.348388671875,99.79101060060044
2025-05-29 21:41:22.830,9.551171875000001,-1.6460937500000001,1.0383789062500002,0.244140625,-1.28173828125,-0.732421875,-59.6063232421875,-78.563232421875,13.480224609375,99.72237683158394
2025-05-29 21:41:22.861,9.579882812500001,-1.6460937500000001,1.0431640625,0.54931640625,0.0,-0.18310546875,-59.578857421875,-78.5797119140625,13.480224609375,99.6936149171967
2025-05-29 21:41:22.923,9.603808593750001,-1.6508789062500002,1.052734375,0.1220703125,-0.54931640625,-1.15966796875,-59.5623779296875,-78.6126708984375,13.480224609375,99.69675427831163
2025-05-29 21:41:22.954,9.60859375,-1.63173828125,1.052734375,0.30517578125,-0.8544921875,-0.42724609375,-59.5733642578125,-78.651123046875,13.51318359375,99.58179649590345
2025-05-29 21:41:23.016,9.589453125,-1.6365234375000002,1.0383789062500002,0.06103515625,-0.732421875,-1.708984375,-59.578857421875,-78.7060546875,13.5296630859375,99.62949423614168
2025-05-29 21:41:23.045,9.599023437500001,-1.6030273437500002,1.0431640625,0.30517578125,-1.46484375,-1.220703125,-59.6063232421875,-78.782958984375,13.5736083984375,99.42635333860645
2025-05-29 21:41:23.075,9.603808593750001,-1.6078125,1.02880859375,0.244140625,-0.79345703125,-1.46484375,-59.5953369140625,-78.8433837890625,13.590087890625,99.4508919876468
2025-05-29 21:41:23.139,9.58466796875,-1.59345703125,1.02880859375,0.1220703125,-1.64794921875,-1.52587890625,-59.6612548828125,-78.92578125,13.6669921875,99.38617769460966
2025-05-29 21:41:23.169,9.599023437500001,-1.6173828125,1.0048828125,0.48828125,-0.8544921875,-0.54931640625,-59.754638671875,-78.9752197265625,13.7933349609375,99.5131612828425
2025-05-29 21:41:23.233,9.589453125,-1.5886718750000002,1.02880859375,0.244140625,-0.67138671875,-2.0751953125,-59.6337890625,-79.0411376953125,13.6944580078125,99.3539552259426
2025-05-29 21:41:23.262,9.589453125,-1.54560546875,1.0000976562500001,0.48828125,-0.732421875,0.9765625,-59.7491455078125,-79.0576171875,13.8427734375,99.10749334532142
2025-05-29 21:41:23.293,9.5703125,-1.6125976562500002,0.9426757812500001,0.42724609375,0.244140625,0.732421875,-59.8480224609375,-79.0191650390625,13.974609375,99.51927635462084
2025-05-29 21:41:23.355,9.5703125,-1.59345703125,0.9570312500000001,-0.06103515625,0.30517578125,0.06103515625,-59.8095703125,-79.0081787109375,13.9306640625,99.40695771782562
2025-05-29 21:41:23.414,9.599023437500001,-1.5743164062500001,1.0000976562500001,-0.18310546875,0.9765625,0.91552734375,-59.754638671875,-78.9752197265625,13.8592529296875,99.26477154130038
2025-05-29 21:41:23.443,9.6181640625,-1.5982421875000001,1.0479492187500001,0.18310546875,0.91552734375,1.5869140625,-59.7216796875,-78.90380859375,13.831787109375,99.38006794113099
2025-05-29 21:41:23.474,9.59423828125,-1.6078125,1.03359375,-0.06103515625,0.79345703125,1.0986328125,-59.7216796875,-78.8543701171875,13.831787109375,99.45955155553905
2025-05-29 21:41:23.536,9.579882812500001,-1.6030273437500002,1.0718750000000001,0.0,1.46484375,0.6103515625,-59.556884765625,-78.804931640625,13.6724853515625,99.44160076633099
2025-05-29 21:41:23.568,9.579882812500001,-1.6365234375000002,1.02880859375,0.244140625,0.1220703125,1.953125,-59.6502685546875,-78.7445068359375,13.7933349609375,99.63983190283598
2025-05-29 21:41:23.599,9.56552734375,-1.6556640625,1.052734375,0.1220703125,1.220703125,2.685546875,-59.6173095703125,-78.64013671875,13.7713623046875,99.76203843810143
2025-05-29 21:41:23.658,9.5703125,-1.6604492187500002,1.0479492187500001,0.06103515625,2.50244140625,2.62451171875,-59.6337890625,-78.519287109375,13.8043212890625,99.78548477068196
2025-05-29 21:41:23.688,9.603808593750001,-1.64130859375,1.0862304687500002,0.1220703125,1.953125,1.220703125,-59.43603515625,-78.3984375,13.6065673828125,99.63797056700975
2025-05-29 21:41:23.718,9.603808593750001,-1.6843750000000002,1.0862304687500002,-0.06103515625,1.220703125,1.8310546875,-59.3536376953125,-78.3270263671875,13.5296630859375,99.88593437266034
2025-05-29 21:41:23.786,9.59423828125,-1.7083007812500002,1.11494140625,-0.18310546875,0.732421875,1.15966796875,-59.3096923828125,-78.2501220703125,13.4857177734375,100.0298729051259
2025-05-29 21:41:23.849,9.579882812500001,-1.703515625,1.10537109375,-0.06103515625,0.79345703125,0.42724609375,-59.3096923828125,-78.2171630859375,13.4857177734375,100.01795637972982
2025-05-29 21:41:23.880,9.58466796875,-1.6939453125000001,1.12451171875,0.244140625,0.6103515625,1.3427734375,-59.2218017578125,-78.1787109375,13.4088134765625,99.95575960120429
2025-05-29 21:41:23.910,9.579882812500001,-1.72744140625,1.11494140625,-0.06103515625,0.6103515625,0.42724609375,-59.23828125,-78.1292724609375,13.447265625,100.15461312539502
2025-05-29 21:41:23.973,9.589453125,-1.7130859375,1.12451171875,0.1220703125,0.0,1.0986328125,-59.227294921875,-78.101806640625,13.447265625,100.06111245407156
2025-05-29 21:41:24.006,9.575097656250001,-1.72744140625,1.11494140625,0.244140625,0.54931640625,0.244140625,-59.2547607421875,-78.0743408203125,13.502197265625,100.1595157583587
2025-05-29 21:41:24.038,9.56552734375,-1.7083007812500002,1.1388671875,0.244140625,0.0,1.03759765625,-59.205322265625,-78.0523681640625,13.4637451171875,100.05610556248709
2025-05-29 21:41:24.101,9.5607421875,-1.7561523437500002,1.1005859375,0.18310546875,0.54931640625,0.3662109375,-59.271240234375,-78.013916015625,13.5626220703125,100.34147086743984
2025-05-29 21:41:24.132,9.555957031250001,-1.7465820312500002,1.1197265625000001,0.0,0.54931640625,0.1220703125,-59.205322265625,-77.991943359375,13.502197265625,100.28898318083071
2025-05-29 21:41:24.197,9.58466796875,-1.703515625,1.1388671875,0.1220703125,0.0,0.0,-59.139404296875,-77.9864501953125,13.4417724609375,100.00916158722927
2025-05-29 21:41:24.233,9.5703125,-1.72744140625,1.12451171875,0.0,-0.3662109375,0.3662109375,-59.1778564453125,-77.98095703125,13.4912109375,100.16327438967225
2025-05-29 21:41:24.264,9.58466796875,-1.7417968750000001,1.129296875,0.06103515625,-0.3662109375,-0.06103515625,-59.23828125,-77.9864501953125,13.5736083984375,100.23055448580794
2025-05-29 21:41:24.325,9.56552734375,-1.7609375,1.1340820312500002,0.1220703125,0.18310546875,-0.48828125,-59.21630859375,-77.9974365234375,13.568115234375,100.35993970480796
2025-05-29 21:41:24.356,9.555957031250001,-1.72744140625,1.129296875,-0.1220703125,0.0,0.18310546875,-59.17236328125,-78.0029296875,13.5296630859375,100.17743884804939
2025-05-29 21:41:24.419,9.575097656250001,-1.7417968750000001,1.1436523437500001,0.18310546875,0.30517578125,0.3662109375,-59.1668701171875,-77.9864501953125,13.5406494140625,100.23866763568805
2025-05-29 21:41:24.451,9.5703125,-1.7417968750000001,1.1340820312500002,-0.1220703125,-0.3662109375,0.244140625,-59.17236328125,-77.9754638671875,13.55712890625,100.24478465091737
2025-05-29 21:41:24.518,9.53681640625,-1.7226562500000002,1.10537109375,0.18310546875,0.0,0.244140625,-59.21630859375,-77.9864501953125,13.6175537109375,100.17239156954655
2025-05-29 21:41:24.548,9.555957031250001,-1.7417968750000001,1.12451171875,0.42724609375,0.9765625,0.42724609375,-59.150390625,-77.9534912109375,13.5791015625,100.26081138652054
2025-05-29 21:41:24.578,9.5703125,-1.73701171875,1.1484375,0.0,0.54931640625,0.30517578125,-59.0460205078125,-77.926025390625,13.4857177734375,100.21546943402566
2025-05-29 21:41:24.610,9.58466796875,-1.7465820312500002,1.1436523437500001,0.18310546875,0.1220703125,1.03759765625,-59.0460205078125,-77.8985595703125,13.4967041015625,100.25630622298998
2025-05-29 21:41:24.676,9.56552734375,-1.7513671875,1.129296875,-0.06103515625,0.0,0.8544921875,-59.1064453125,-77.87109375,13.5736083984375,100.30543381864852
2025-05-29 21:41:24.706,9.5703125,-1.7465820312500002,1.1436523437500001,0.0,-0.06103515625,0.48828125,-59.161376953125,-77.84912109375,13.6395263671875,100.27115159346556
2025-05-29 21:41:24.769,9.5703125,-1.7657226562500001,1.1388671875,0.18310546875,0.1220703125,0.6103515625,-59.1998291015625,-77.8326416015625,13.6944580078125,100.38187465235053
2025-05-29 21:41:24.800,9.5607421875,-1.7513671875,1.1675781250000001,-0.18310546875,-0.244140625,-0.18310546875,-59.2108154296875,-77.8271484375,13.7164306640625,100.30562920941001
2025-05-29 21:41:24.831,9.56552734375,-1.7705078125000002,1.1580078125000002,0.244140625,0.06103515625,0.6103515625,-59.2822265625,-77.816162109375,13.809814453125,100.41200562820836
2025-05-29 21:41:24.895,9.5607421875,-1.77529296875,1.16279296875,0.30517578125,0.0,0.244140625,-59.2657470703125,-77.7996826171875,13.82080078125,100.4439529827134
2025-05-29 21:41:24.960,9.56552734375,-1.7609375,1.1388671875,0.30517578125,-0.1220703125,0.18310546875,-59.2877197265625,-77.794189453125,13.8702392578125,100.35934570225511
2025-05-29 21:41:24.993,9.5703125,-1.7657226562500001,1.1484375,0.30517578125,-0.18310546875,-0.06103515625,-59.271240234375,-77.794189453125,13.8812255859375,100.38067814962662
2025-05-29 21:41:25.024,9.551171875000001,-1.77529296875,1.129296875,0.0,-0.42724609375,-1.03759765625,-59.249267578125,-77.8216552734375,13.8812255859375,100.45827975330903
2025-05-29 21:41:25.088,9.579882812500001,-1.7417968750000001,1.129296875,-0.1220703125,-1.03759765625,-0.30517578125,-59.2822265625,-77.860107421875,13.919677734375,100.23548810740326
2025-05-29 21:41:25.119,9.5703125,-1.7561523437500002,1.12451171875,-0.06103515625,-0.732421875,-0.18310546875,-59.4140625,-77.8875732421875,14.0570068359375,100.32858599717922
2025-05-29 21:41:25.150,9.579882812500001,-1.7657226562500001,1.1197265625000001,0.244140625,-0.3662109375,-0.8544921875,-59.425048828125,-77.9095458984375,14.0899658203125,100.37422717411354
2025-05-29 21:41:25.212,9.555957031250001,-1.72744140625,1.1101562500000002,-0.06103515625,-1.28173828125,-2.01416015625,-59.381103515625,-77.9864501953125,14.051513671875,100.17974617151258
2025-05-29 21:41:25.246,9.58466796875,-1.7178710937500001,1.1484375,0.1220703125,-0.6103515625,-0.732421875,-59.381103515625,-78.0413818359375,14.0625,100.090620718056
2025-05-29 21:41:25.277,9.5703125,-1.73701171875,1.11494140625,0.06103515625,-1.28173828125,-0.67138671875,-59.4635009765625,-78.0908203125,14.161376953125,100.2195520217186
2025-05-29 21:41:25.340,9.551171875000001,-1.7130859375,1.10537109375,0.0,-1.0986328125,-1.64794921875,-59.5074462890625,-78.15673828125,14.21630859375,100.10235323621951
2025-05-29 21:41:25.402,9.5607421875,-1.7083007812500002,1.0958007812500001,0.42724609375,-0.48828125,0.67138671875,-59.600830078125,-78.1622314453125,14.3426513671875,100.06608636864412
2025-05-29 21:41:25.432,9.58466796875,-1.7130859375,1.1005859375,0.30517578125,-0.06103515625,-1.03759765625,-59.52392578125,-78.1787109375,14.293212890625,100.06878539820333
2025-05-29 21:41:25.462,9.579882812500001,-1.703515625,1.0718750000000001,0.06103515625,-1.40380859375,-1.03759765625,-59.5953369140625,-78.2391357421875,14.381103515625,100.02180716485427
2025-05-29 21:41:25.532,9.60859375,-1.6939453125000001,1.0718750000000001,0.0,-1.28173828125,-0.9765625,-59.6722412109375,-78.299560546875,14.468994140625,99.93780990251045
2025-05-29 21:41:25.564,9.59423828125,-1.67958984375,1.0623046875000002,0.0,-1.40380859375,-1.708984375,-59.765625,-78.37646484375,14.56787109375,99.87058789504795
2025-05-29 21:41:25.595,9.58466796875,-1.6700195312500001,1.07666015625,0.3662109375,-1.15966796875,-1.220703125,-59.78759765625,-78.4423828125,14.6173095703125,99.8233454449103
2025-05-29 21:41:25.656,9.579882812500001,-1.6748046875000002,1.0623046875000002,0.30517578125,-1.52587890625,-1.40380859375,-59.87548828125,-78.519287109375,14.732666015625,99.85730248947891
2025-05-29 21:41:25.687,9.589453125,-1.6604492187500002,1.06708984375,0.30517578125,-1.28173828125,-0.48828125,-59.9688720703125,-78.5687255859375,14.853515625,99.76447281555026
2025-05-29 21:41:25.721,9.589453125,-1.6508789062500002,1.0431640625,0.48828125,-1.15966796875,-0.91552734375,-60.0457763671875,-78.6236572265625,14.9688720703125,99.71185145356492
2025-05-29 21:41:25.790,9.575097656250001,-1.64130859375,1.02880859375,0.3662109375,-0.9765625,-0.91552734375,-60.128173828125,-78.6676025390625,15.0897216796875,99.67217336043741
2025-05-29 21:41:25.822,9.579882812500001,-1.6460937500000001,1.0000976562500001,0.30517578125,-0.67138671875,-1.03759765625,-60.18310546875,-78.7060546875,15.1776123046875,99.69812373217897
2025-05-29 21:41:25.886,9.58466796875,-1.6221679687500001,1.0048828125,0.1220703125,-0.54931640625,-1.15966796875,-60.13916015625,-78.7554931640625,15.1446533203125,99.5546641617519
2025-05-29 21:41:25.917,9.575097656250001,-1.6221679687500001,1.0048828125,0.18310546875,-0.54931640625,-1.40380859375,-60.1171875,-78.804931640625,15.1336669921875,99.56393566381622
2025-05-29 21:41:25.949,9.5703125,-1.5982421875000001,1.01923828125,0.1220703125,-0.6103515625,-0.54931640625,-60.062255859375,-78.85986328125,15.0897216796875,99.42854925110234
2025-05-29 21:41:26.017,9.56552734375,-1.6221679687500001,1.0048828125,0.0,0.06103515625,0.3662109375,-60.1116943359375,-78.870849609375,15.1446533203125,99.57322490766292
2025-05-29 21:41:26.049,9.579882812500001,-1.6173828125,1.0048828125,-0.18310546875,0.18310546875,0.244140625,-60.1171875,-78.8543701171875,15.1556396484375,99.53161731379387
2025-05-29 21:41:26.112,9.603808593750001,-1.6078125,1.0240234375000001,0.18310546875,0.244140625,1.0986328125,-60.128173828125,-78.837890625,15.1666259765625,99.45138061432858
2025-05-29 21:41:26.143,9.60859375,-1.63173828125,1.0144531250000002,0.06103515625,0.18310546875,1.89208984375,-60.216064453125,-78.7774658203125,15.27099609375,99.58578145871944
2025-05-29 21:41:26.176,9.5703125,-1.6078125,0.9953125,0.48828125,-0.18310546875,1.953125,-60.380859375,-78.7335205078125,15.4522705078125,99.4864085486345
2025-05-29 21:41:26.245,9.575097656250001,-1.6604492187500002,1.00966796875,0.79345703125,2.0751953125,2.86865234375,-60.4742431640625,-78.6346435546875,15.5841064453125,99.78481987075945
2025-05-29 21:41:26.278,9.58466796875,-1.6748046875000002,1.0479492187500001,0.244140625,1.46484375,2.0751953125,-60.413818359375,-78.50830078125,15.556640625,99.85410995027533
2025-05-29 21:41:26.341,9.58466796875,-1.6987304687500002,1.02880859375,0.0,0.9765625,2.197265625,-60.435791015625,-78.409423828125,15.5950927734375,99.9941592057414
2025-05-29 21:41:26.373,9.58466796875,-1.6939453125000001,1.0383789062500002,-0.244140625,1.220703125,1.3427734375,-60.4302978515625,-78.33251953125,15.589599609375,99.96553238213865
2025-05-29 21:41:26.405,9.603808593750001,-1.6939453125000001,1.0814453125,-0.1220703125,1.220703125,0.79345703125,-60.3533935546875,-78.277587890625,15.501708984375,99.94152798029732
2025-05-29 21:41:26.472,9.603808593750001,-1.7322265625000002,1.0862304687500002,-0.06103515625,0.67138671875,0.732421875,-60.2655029296875,-78.233642578125,15.4193115234375,100.16101132099125
2025-05-29 21:41:26.537,9.579882812500001,-1.7178710937500001,1.07666015625,-0.244140625,0.1220703125,0.67138671875,-60.260009765625,-78.211669921875,15.413818359375,100.10397996046427
2025-05-29 21:41:26.570,9.579882812500001,-1.7465820312500002,1.06708984375,0.18310546875,0.67138671875,0.91552734375,-60.3094482421875,-78.167724609375,15.4742431640625,100.27039348740294
2025-05-29 21:41:26.602,9.5607421875,-1.72744140625,1.07666015625,0.0,0.3662109375,0.30517578125,-60.238037109375,-78.145751953125,15.413818359375,100.17876487425077
2025-05-29 21:41:26.668,9.589453125,-1.7083007812500002,1.1005859375,-0.06103515625,0.42724609375,0.91552734375,-60.1995849609375,-78.1182861328125,15.380859375,100.03638855892801
2025-05-29 21:41:26.700,9.575097656250001,-1.7513671875,1.07666015625,-0.06103515625,0.18310546875,0.42724609375,-60.2490234375,-78.0853271484375,15.4412841796875,100.30179063532727
2025-05-29 21:41:26.734,9.575097656250001,-1.7417968750000001,1.0718750000000001,0.0,0.18310546875,0.6103515625,-60.260009765625,-78.06884765625,15.4632568359375,100.24724788865693
2025-05-29 21:41:26.799,9.575097656250001,-1.73701171875,1.0862304687500002,-0.1220703125,0.30517578125,0.0,-60.2490234375,-78.057861328125,15.4522705078125,100.21802124850421
2025-05-29 21:41:26.831,9.579882812500001,-1.7465820312500002,1.0958007812500001,0.0,0.0,0.0,-60.216064453125,-78.057861328125,15.4248046875,100.26703605617834
2025-05-29 21:41:26.863,9.58466796875,-1.73701171875,1.0958007812500001,-0.06103515625,0.0,-0.06103515625,-60.205078125,-78.057861328125,15.4193115234375,100.20703863645677
2025-05-29 21:41:26.930,9.5607421875,-1.7513671875,1.091015625,0.06103515625,0.06103515625,0.0,-60.1776123046875,-78.057861328125,15.40283203125,100.31504102453887
2025-05-29 21:41:26.998,9.589453125,-1.73701171875,1.091015625,0.0,0.0,0.18310546875,-60.1611328125,-78.057861328125,15.391845703125,100.20267759567639
2025-05-29 21:41:27.031,9.56552734375,-1.7513671875,1.091015625,0.06103515625,0.244140625,-0.244140625,-60.1226806640625,-78.057861328125,15.369873046875,100.31005648079626
2025-05-29 21:41:27.063,9.5607421875,-1.7322265625000002,1.091015625,0.06103515625,-0.6103515625,-0.18310546875,-60.1226806640625,-78.06884765625,15.380859375,100.20468993897957
2025-05-29 21:41:27.131,9.5416015625,-1.7417968750000001,1.0718750000000001,0.3662109375,0.67138671875,0.48828125,-60.1007080078125,-78.057861328125,15.3753662109375,100.28201708477184
2025-05-29 21:41:27.165,9.5703125,-1.7322265625000002,1.1005859375,0.06103515625,0.48828125,0.3662109375,-60.0128173828125,-78.0303955078125,15.2984619140625,100.19369963892507
2025-05-29 21:41:27.197,9.589453125,-1.73701171875,1.1101562500000002,0.0,0.48828125,0.48828125,-59.974365234375,-78.0084228515625,15.27099609375,100.20041942380705
2025-05-29 21:41:27.263,9.5703125,-1.77529296875,1.0718750000000001,0.06103515625,-0.18310546875,0.79345703125,-60.0457763671875,-77.98095703125,15.3533935546875,100.44505877235851
2025-05-29 21:41:27.295,9.575097656250001,-1.72744140625,1.11494140625,0.0,0.732421875,-0.48828125,-59.9359130859375,-77.98095703125,15.2490234375,100.1595157583587
2025-05-29 21:41:27.330,9.579882812500001,-1.73701171875,1.1101562500000002,0.18310546875,-0.244140625,0.6103515625,-59.94140625,-77.9754638671875,15.2655029296875,100.21026325758871
2025-05-29 21:41:27.396,9.56552734375,-1.7800781250000002,1.1197265625000001,0.1220703125,0.48828125,0.0,-59.908447265625,-77.9534912109375,15.2490234375,100.4718560410199
2025-05-29 21:41:27.429,9.575097656250001,-1.7322265625000002,1.129296875,0.0,-0.732421875,0.1220703125,-59.908447265625,-77.969970703125,15.260009765625,100.18534139153562
2025-05-29 21:41:27.496,9.56552734375,-1.7800781250000002,1.0862304687500002,0.42724609375,0.3662109375,0.42724609375,-59.9688720703125,-77.9534912109375,15.347900390625,100.47593731102133
2025-05-29 21:41:27.529,9.54638671875,-1.7465820312500002,1.1101562500000002,0.1220703125,0.18310546875,0.0,-59.8974609375,-77.9425048828125,15.29296875,100.30010461082814
2025-05-29 21:41:27.597,9.5703125,-1.7561523437500002,1.0958007812500001,0.3662109375,0.48828125,0.8544921875,-59.9029541015625,-77.9150390625,15.31494140625,100.33205683430982
2025-05-29 21:41:27.630,9.5607421875,-1.77529296875,1.1101562500000002,0.30517578125,0.54931640625,-0.06103515625,-59.78759765625,-77.89306640625,15.2215576171875,100.45054626073762
2025-05-29 21:41:27.662,9.551171875000001,-1.7465820312500002,1.0958007812500001,0.0,0.06103515625,0.0,-59.7821044921875,-77.8985595703125,15.2215576171875,100.29684777387455
2025-05-29 21:41:27.729,9.5703125,-1.7465820312500002,1.1484375,0.3662109375,0.18310546875,0.0,-59.688720703125,-77.8875732421875,15.1446533203125,100.27055822493298
2025-05-29 21:41:27.762,9.5607421875,-1.7561523437500002,1.1101562500000002,-0.1220703125,-0.48828125,-0.1220703125,-59.754638671875,-77.9095458984375,15.216064453125,100.34031536791971
2025-05-29 21:41:27.796,9.5703125,-1.73701171875,1.1580078125000002,0.18310546875,0.6103515625,0.0,-59.65576171875,-77.89306640625,15.128173828125,100.21428170516005
2025-05-29 21:41:27.864,9.54638671875,-1.77529296875,1.1197265625000001,0.0,0.0,-0.06103515625,-59.6832275390625,-77.8875732421875,15.1776123046875,100.46452736796837
2025-05-29 21:41:27.896,9.575097656250001,-1.73701171875,1.1436523437500001,0.30517578125,-0.3662109375,1.0986328125,-59.6942138671875,-77.8656005859375,15.2105712890625,100.21113204183735
2025-05-29 21:41:27.962,9.575097656250001,-1.7705078125000002,1.10537109375,0.06103515625,0.1220703125,0.48828125,-59.7711181640625,-77.84912109375,15.31494140625,100.40849464206885
2025-05-29 21:41:27.996,9.527246093750001,-1.7513671875,1.1101562500000002,0.06103515625,-0.67138671875,-0.3662109375,-59.7711181640625,-77.87109375,15.325927734375,100.34774688867897
2025-05-29 21:41:28.029,9.551171875000001,-1.78486328125,1.0718750000000001,0.42724609375,1.15966796875,1.0986328125,-59.8040771484375,-77.8216552734375,15.380859375,100.52043468496053
2025-05-29 21:41:28.097,9.59423828125,-1.7513671875,1.16279296875,0.06103515625,-0.67138671875,-0.42724609375,-59.578857421875,-77.8106689453125,15.1611328125,100.2715314169475
2025-05-29 21:41:28.163,9.575097656250001,-1.7561523437500002,1.12451171875,0.18310546875,0.0,0.0,-59.6282958984375,-77.8271484375,15.22705078125,100.32360403614587
2025-05-29 21:41:28.195,9.575097656250001,-1.7561523437500002,1.12451171875,0.18310546875,-0.79345703125,-1.0986328125,-59.6173095703125,-77.8436279296875,15.2325439453125,100.32360403614587
2025-05-29 21:41:28.228,9.58466796875,-1.7561523437500002,1.1101562500000002,0.244140625,-0.67138671875,0.18310546875,-59.65576171875,-77.8875732421875,15.29296875,100.31539289840426
2025-05-29 21:41:28.297,9.5607421875,-1.79921875,1.1340820312500002,0.244140625,0.0,-0.54931640625,-59.6832275390625,-77.89306640625,15.3424072265625,100.58522699791914
2025-05-29 21:41:28.330,9.58466796875,-1.7226562500000002,1.1484375,0.06103515625,-0.6103515625,-0.79345703125,-59.6173095703125,-77.926025390625,15.2874755859375,100.11814833934245
2025-05-29 21:41:28.364,9.579882812500001,-1.7226562500000002,1.129296875,0.67138671875,-0.54931640625,-0.732421875,-59.6063232421875,-77.958984375,15.303955078125,100.12534993620906
2025-05-29 21:41:28.430,9.5607421875,-1.7178710937500001,1.0958007812500001,0.244140625,-1.220703125,-1.46484375,-59.61181640625,-78.0084228515625,15.3533935546875,100.12131628355195
2025-05-29 21:41:28.463,9.579882812500001,-1.7226562500000002,1.10537109375,0.3662109375,-0.9765625,-1.03759765625,-59.6612548828125,-78.06884765625,15.4248046875,100.12819996087636
2025-05-29 21:41:28.497,9.575097656250001,-1.7561523437500002,1.0718750000000001,0.42724609375,-1.15966796875,-0.54931640625,-59.7161865234375,-78.1182861328125,15.5126953125,100.32989213732787
2025-05-29 21:41:28.570,9.5703125,-1.7226562500000002,1.10537109375,0.0,-0.54931640625,-1.15966796875,-59.74365234375,-78.15673828125,15.556640625,100.13798767814077
2025-05-29 21:41:28.635,9.5703125,-1.7083007812500002,1.0814453125,0.244140625,-0.67138671875,-0.9765625,-59.776611328125,-78.1951904296875,15.6060791015625,100.05801300751119
2025-05-29 21:41:28.668,9.579882812500001,-1.67958984375,1.07666015625,0.244140625,-1.28173828125,-0.244140625,-59.798583984375,-78.2391357421875,15.64453125,99.88331048908103
2025-05-29 21:41:28.700,9.599023437500001,-1.6987304687500002,1.0718750000000001,0.3662109375,-1.03759765625,-0.79345703125,-59.908447265625,-78.277587890625,15.787353515625,99.97493706067762
2025-05-29 21:41:28.771,9.56552734375,-1.703515625,1.0718750000000001,0.3662109375,-1.15966796875,-1.77001953125,-59.94140625,-78.3380126953125,15.8477783203125,100.03635925052481
2025-05-29 21:41:28.805,9.579882812500001,-1.67958984375,1.0718750000000001,0.18310546875,-0.9765625,-0.732421875,-59.9578857421875,-78.409423828125,15.8807373046875,99.88384644043359
2025-05-29 21:41:28.872,9.555957031250001,-1.703515625,1.0383789062500002,0.30517578125,-0.8544921875,-0.1220703125,-60.0732421875,-78.4368896484375,16.029052734375,100.04984752254994
2025-05-29 21:41:28.905,9.5703125,-1.6604492187500002,1.06708984375,0.18310546875,-0.9765625,-0.9765625,-60.1116943359375,-78.4698486328125,16.0784912109375,99.78338978791456
2025-05-29 21:41:28.937,9.5607421875,-1.6556640625,1.0240234375000001,0.3662109375,-0.54931640625,0.06103515625,-60.205078125,-78.5028076171875,16.1993408203125,99.7698610224348
2025-05-29 21:41:28.972,9.59423828125,-1.6748046875000002,1.03359375,0.244140625,-0.244140625,-0.54931640625,-60.194091796875,-78.5137939453125,16.2158203125,99.84613503327726
2025-05-29 21:41:29.036,9.599023437500001,-1.6604492187500002,1.0431640625,0.1220703125,-0.54931640625,-0.67138671875,-60.18310546875,-78.5467529296875,16.2158203125,99.75763165270672
2025-05-29 21:41:29.099,9.589453125,-1.665234375,1.0479492187500001,0.244140625,-0.67138671875,-0.244140625,-60.1995849609375,-78.5687255859375,16.248779296875,99.7941570248327
2025-05-29 21:41:29.134,9.5607421875,-1.6556640625,1.00966796875,0.0,-0.6103515625,0.0,-60.3094482421875,-78.585205078125,16.3751220703125,99.77137414281455
2025-05-29 21:41:29.171,9.555957031250001,-1.64130859375,1.00966796875,0.1220703125,-0.30517578125,0.1220703125,-60.3533935546875,-78.59619140625,16.435546875,99.69297064540828
2025-05-29 21:41:29.206,9.5703125,-1.665234375,1.02880859375,-0.18310546875,0.244140625,0.06103515625,-60.380859375,-78.585205078125,16.468505859375,99.81520148423272
2025-05-29 21:41:29.277,9.603808593750001,-1.6748046875000002,1.03359375,-0.06103515625,0.18310546875,1.40380859375,-60.435791015625,-78.5577392578125,16.5289306640625,99.83662520166001
2025-05-29 21:41:29.309,9.59423828125,-1.67958984375,1.052734375,-0.1220703125,0.244140625,0.54931640625,-60.435791015625,-78.519287109375,16.5289306640625,99.87163909892851
2025-05-29 21:41:29.373,9.56552734375,-1.64130859375,1.02880859375,-0.1220703125,0.0,-0.1220703125,-60.4632568359375,-78.519287109375,16.5618896484375,99.68155879200582
2025-05-29 21:41:29.404,9.579882812500001,-1.6604492187500002,1.03359375,0.0,-0.06103515625,0.67138671875,-60.46875,-78.50830078125,16.5838623046875,99.77755392675152
2025-05-29 21:41:29.437,9.575097656250001,-1.6939453125000001,1.0048828125,-0.30517578125,0.0,0.91552734375,-60.5731201171875,-78.486328125,16.6937255859375,99.97878759160557
2025-05-29 21:41:29.511,9.599023437500001,-1.6987304687500002,1.02880859375,-0.1220703125,0.91552734375,1.15966796875,-60.57861328125,-78.4368896484375,16.6937255859375,99.97967994026001
2025-05-29 21:41:29.540,9.59423828125,-1.6987304687500002,1.02880859375,-0.244140625,0.3662109375,0.6103515625,-60.567626953125,-78.3984375,16.67724609375,99.9845017729136
2025-05-29 21:41:29.601,9.58466796875,-1.68916015625,1.01923828125,-0.18310546875,0.48828125,0.732421875,-60.589599609375,-78.3709716796875,16.6937255859375,99.9400073751676
2025-05-29 21:41:29.630,9.58466796875,-1.67958984375,1.0623046875000002,-0.18310546875,0.48828125,0.30517578125,-60.4962158203125,-78.3489990234375,16.5948486328125,99.88013238301521
2025-05-29 21:41:29.660,9.589453125,-1.6987304687500002,1.05751953125,-0.244140625,0.3662109375,1.0986328125,-60.556640625,-78.321533203125,16.6497802734375,99.98617800700679
2025-05-29 21:41:29.719,9.579882812500001,-1.72744140625,1.0814453125,0.0,0.91552734375,0.91552734375,-60.5126953125,-78.2720947265625,16.6168212890625,100.15854765154499
2025-05-29 21:41:29.783,9.5703125,-1.7322265625000002,1.06708984375,0.06103515625,0.1220703125,0.67138671875,-60.5291748046875,-78.233642578125,16.6387939453125,100.1976060527961
2025-05-29 21:41:29.813,9.53681640625,-1.7130859375,1.0431640625,0.244140625,1.46484375,2.01416015625,-60.479736328125,-78.1732177734375,16.611328125,100.12424001639981
2025-05-29 21:41:29.843,9.575097656250001,-1.73701171875,1.05751953125,0.0,1.3427734375,1.0986328125,-60.4083251953125,-78.0908203125,16.5509033203125,100.22133776502255
2025-05-29 21:41:29.872,9.60859375,-1.72744140625,1.0958007812500001,-0.1220703125,0.91552734375,1.3427734375,-60.347900390625,-78.035888671875,16.4794921875,100.12753758199135
2025-05-29 21:41:29.931,9.589453125,-1.7800781250000002,1.0958007812500001,0.0,0.91552734375,0.6103515625,-60.3094482421875,-77.9864501953125,16.4520263671875,100.4495549260058
2025-05-29 21:41:29.962,9.56552734375,-1.73701171875,1.0862304687500002,-0.06103515625,-0.1220703125,-0.18310546875,-60.2655029296875,-77.991943359375,16.4080810546875,100.22790134226724
2025-05-29 21:41:30.027,9.575097656250001,-1.7465820312500002,1.10537109375,0.0,0.48828125,0.3662109375,-60.216064453125,-77.98095703125,16.36962890625,100.27085303819572
2025-05-29 21:41:30.057,9.575097656250001,-1.7705078125000002,1.1101562500000002,-0.18310546875,0.1220703125,-0.244140625,-60.18310546875,-77.9754638671875,16.336669921875,100.4079137953253
2025-05-29 21:41:30.086,9.575097656250001,-1.7465820312500002,1.10537109375,0.0,-0.3662109375,0.732421875,-60.260009765625,-77.969970703125,16.4300537109375,100.27085303819572
2025-05-29 21:41:30.144,9.575097656250001,-1.7657226562500001,1.091015625,0.1220703125,0.30517578125,-0.1220703125,-60.22705078125,-77.9644775390625,16.4080810546875,100.38269967918771
2025-05-29 21:41:30.174,9.555957031250001,-1.7417968750000001,1.0958007812500001,0.1220703125,-0.06103515625,0.0,-60.2105712890625,-77.9644775390625,16.4080810546875,100.26427066881934
2025-05-29 21:41:30.236,9.5703125,-1.7657226562500001,1.0862304687500002,0.18310546875,-0.18310546875,0.48828125,-60.238037109375,-77.9534912109375,16.45751953125,100.38828347957094
2025-05-29 21:41:30.267,9.5607421875,-1.7705078125000002,1.0862304687500002,0.0,-0.1220703125,0.1220703125,-60.260009765625,-77.947998046875,16.4959716796875,100.4258884787131
2025-05-29 21:41:30.325,9.555957031250001,-1.7561523437500002,1.0862304687500002,0.0,-0.06103515625,-0.18310546875,-60.2545166015625,-77.958984375,16.4959716796875,100.34818893457056
2025-05-29 21:41:30.355,9.575097656250001,-1.7561523437500002,1.10537109375,0.0,-0.1220703125,-0.244140625,-60.238037109375,-77.958984375,16.4849853515625,100.32592415251482
2025-05-29 21:41:30.386,9.5703125,-1.7609375,1.1005859375,0.244140625,-0.18310546875,-0.30517578125,-60.2435302734375,-77.969970703125,16.50146484375,100.35902685882412
2025-05-29 21:41:30.445,9.5607421875,-1.7561523437500002,1.1005859375,0.06103515625,-0.06103515625,-0.06103515625,-60.2105712890625,-77.98095703125,16.4849853515625,100.34147086743984
2025-05-29 21:41:30.474,9.58466796875,-1.7465820312500002,1.10537109375,0.18310546875,-0.1220703125,0.0,-60.205078125,-77.98095703125,16.490478515625,100.26094736186165
2025-05-29 21:41:30.506,9.56552734375,-1.7609375,1.0958007812500001,0.0,0.0,0.18310546875,-60.205078125,-77.98095703125,16.5069580078125,100.36460523802363
2025-05-29 21:41:30.567,9.53681640625,-1.7417968750000001,1.0718750000000001,0.1220703125,-0.6103515625,-0.244140625,-60.2435302734375,-77.9864501953125,16.556396484375,100.28700305116398
2025-05-29 21:41:30.598,9.555957031250001,-1.7705078125000002,1.0718750000000001,0.48828125,1.220703125,0.79345703125,-60.2490234375,-77.969970703125,16.5838623046875,100.43263850775466
2025-05-29 21:41:30.659,9.555957031250001,-1.7561523437500002,1.10537109375,0.06103515625,0.3662109375,-0.30517578125,-60.106201171875,-77.9425048828125,16.446533203125,100.34589385500867
2025-05-29 21:41:30.690,9.575097656250001,-1.73701171875,1.1197265625000001,0.1220703125,0.06103515625,0.91552734375,-60.0677490234375,-77.93701171875,16.4080810546875,100.21404396274501
2025-05-29 21:41:30.720,9.5703125,-1.7705078125000002,1.10537109375,0.0,0.06103515625,0.6103515625,-60.13916015625,-77.8985595703125,16.50146484375,100.41351806592547
2025-05-29 21:41:30.783,9.56552734375,-1.7417968750000001,1.1101562500000002,-0.1220703125,0.0,-0.48828125,-60.1336669921875,-77.8985595703125,16.50146484375,100.25263560781326
2025-05-29 21:41:30.848,9.5703125,-1.7800781250000002,1.10537109375,0.18310546875,0.0,0.42724609375,-60.1336669921875,-77.8985595703125,16.512451171875,100.46856617080356
2025-05-29 21:41:30.880,9.56552734375,-1.77529296875,1.1101562500000002,-0.1220703125,-0.1220703125,-0.48828125,-60.1171875,-77.8985595703125,16.512451171875,100.44550143883102
2025-05-29 21:41:30.910,9.575097656250001,-1.7513671875,1.1101562500000002,0.18310546875,-0.06103515625,0.6103515625,-60.128173828125,-77.904052734375,16.534423828125,100.29781602897688
2025-05-29 21:41:30.940,9.56552734375,-1.7896484375000001,1.10537109375,0.244140625,0.18310546875,0.18310546875,-60.1446533203125,-77.882080078125,16.5728759765625,100.52867367629419
2025-05-29 21:41:31.018,9.56552734375,-1.7465820312500002,1.1101562500000002,0.0,0.0,-0.30517578125,-60.1007080078125,-77.8875732421875,16.54541015625,100.28020235786514
2025-05-29 21:41:31.053,9.575097656250001,-1.7705078125000002,1.10537109375,0.3662109375,0.0,0.0,-60.0787353515625,-77.8875732421875,16.5399169921875,100.40849464206885
2025-05-29 21:41:31.119,9.5607421875,-1.7609375,1.0958007812500001,0.06103515625,-0.30517578125,-0.1220703125,-60.0732421875,-77.89306640625,16.5509033203125,100.36961442979333
2025-05-29 21:41:31.149,9.579882812500001,-1.7561523437500002,1.1005859375,0.1220703125,-0.1220703125,-0.244140625,-60.0897216796875,-77.8985595703125,16.578369140625,100.3215167707243
2025-05-29 21:41:31.180,9.575097656250001,-1.7561523437500002,1.10537109375,0.0,-0.42724609375,-0.48828125,-60.084228515625,-77.9205322265625,16.578369140625,100.32592415251482
2025-05-29 21:41:31.243,9.58466796875,-1.7513671875,1.11494140625,0.18310546875,-0.6103515625,-1.03759765625,-60.0677490234375,-77.9534912109375,16.578369140625,100.28731091730566
2025-05-29 21:41:31.274,9.575097656250001,-1.7417968750000001,1.11494140625,0.18310546875,-0.6103515625,-0.67138671875,-60.0677490234375,-77.991943359375,16.5948486328125,100.24216384808547
2025-05-29 21:41:31.337,9.579882812500001,-1.73701171875,1.0958007812500001,0.06103515625,-0.6103515625,-0.9765625,-60.1007080078125,-78.0303955078125,16.644287109375,100.21196534782946
2025-05-29 21:41:31.366,9.5607421875,-1.7465820312500002,1.091015625,0.30517578125,-0.732421875,-0.91552734375,-60.106201171875,-78.0743408203125,16.67724609375,100.2874604721179
2025-05-29 21:41:31.396,9.589453125,-1.7417968750000001,1.091015625,0.18310546875,-0.91552734375,-1.8310546875,-60.09521484375,-78.123779296875,16.688232421875,100.23019136752747
2025-05-29 21:41:31.457,9.5607421875,-1.68916015625,1.052734375,0.30517578125,-1.0986328125,-0.6103515625,-60.128173828125,-78.1951904296875,16.7376708984375,99.96044753206961
2025-05-29 21:41:31.491,9.58466796875,-1.7178710937500001,1.06708984375,0.48828125,0.30517578125,-1.46484375,-60.0457763671875,-78.22265625,16.6827392578125,100.10019189071328
2025-05-29 21:41:31.556,9.589453125,-1.6748046875000002,1.091015625,0.18310546875,-0.8544921875,-0.9765625,-59.9578857421875,-78.277587890625,16.611328125,99.84456989494689
2025-05-29 21:41:31.587,9.599023437500001,-1.7130859375,1.06708984375,0.48828125,-0.91552734375,0.3662109375,-60.0677490234375,-78.299560546875,16.754150390625,100.05805882643494
2025-05-29 21:41:31.618,9.579882812500001,-1.703515625,1.052734375,0.1220703125,-0.91552734375,-1.64794921875,-60.0787353515625,-78.343505859375,16.7816162109375,100.02395634536732
2025-05-29 21:41:31.679,9.589453125,-1.665234375,1.0479492187500001,0.30517578125,-0.9765625,-0.42724609375,-60.150146484375,-78.3984375,16.875,99.7941570248327
2025-05-29 21:41:31.710,9.59423828125,-1.67958984375,1.05751953125,0.3662109375,-0.79345703125,-0.67138671875,-60.1556396484375,-78.431396484375,16.907958984375,99.8711146441501
2025-05-29 21:41:31.776,9.58466796875,-1.6700195312500001,1.052734375,0.244140625,-0.79345703125,-0.6103515625,-60.238037109375,-78.4808349609375,17.0123291015625,99.8259840984721
2025-05-29 21:41:31.807,9.603808593750001,-1.67958984375,1.0862304687500002,0.79345703125,-0.42724609375,-0.18310546875,-60.22705078125,-78.497314453125,17.039794921875,99.8584011278129
2025-05-29 21:41:31.870,9.5703125,-1.665234375,1.01923828125,0.54931640625,-1.03759765625,-0.8544921875,-60.27099609375,-78.5357666015625,17.1331787109375,99.81621967797119
2025-05-29 21:41:31.902,9.5703125,-1.6460937500000001,1.02880859375,0.30517578125,-0.48828125,-1.28173828125,-60.2325439453125,-78.5797119140625,17.11669921875,99.70454053268637
2025-05-29 21:41:31.967,9.579882812500001,-1.6460937500000001,1.0144531250000002,0.06103515625,-1.64794921875,-0.8544921875,-60.3314208984375,-78.6456298828125,17.237548828125,99.69664121835591
2025-05-29 21:41:32.000,9.579882812500001,-1.665234375,1.0240234375000001,0.42724609375,0.244140625,0.30517578125,-60.369873046875,-78.651123046875,17.2979736328125,99.806204970558
2025-05-29 21:41:32.032,9.58466796875,-1.6700195312500001,1.01923828125,0.42724609375,-0.42724609375,0.3662109375,-60.4083251953125,-78.64013671875,17.369384765625,99.82958202073173
2025-05-29 21:41:32.061,9.575097656250001,-1.63173828125,1.0144531250000002,0.244140625,0.3662109375,-0.18310546875,-60.3643798828125,-78.64013671875,17.3419189453125,99.61832486026252
2025-05-29 21:41:32.123,9.551171875000001,-1.665234375,1.0048828125,0.18310546875,0.18310546875,0.91552734375,-60.4193115234375,-78.6126708984375,17.413330078125,99.83680955342085
2025-05-29 21:41:32.154,9.56552734375,-1.6556640625,1.052734375,-0.18310546875,0.48828125,0.18310546875,-60.3369140625,-78.59619140625,17.3309326171875,99.76203843810143
2025-05-29 21:41:32.221,9.60859375,-1.6748046875000002,1.02880859375,0.1220703125,-0.1220703125,1.64794921875,-60.46875,-78.55224609375,17.479248046875,99.83238643407373
2025-05-29 21:41:32.256,9.59423828125,-1.6843750000000002,1.052734375,-0.1220703125,0.8544921875,0.732421875,-60.40283203125,-78.50830078125,17.4188232421875,99.8992078355844
2025-05-29 21:41:32.289,9.551171875000001,-1.6556640625,0.9857421875000001,0.06103515625,-0.42724609375,0.8544921875,-60.523681640625,-78.497314453125,17.5506591796875,99.78335315856397
2025-05-29 21:41:32.349,9.54638671875,-1.6843750000000002,1.02880859375,0.18310546875,2.62451171875,1.46484375,-60.3314208984375,-78.4039306640625,17.369384765625,99.94988909827572
2025-05-29 21:41:32.412,9.58466796875,-1.6748046875000002,1.07666015625,-0.244140625,0.732421875,1.0986328125,-60.2325439453125,-78.3489990234375,17.2650146484375,99.85094190657277
2025-05-29 21:41:32.443,9.599023437500001,-1.7130859375,1.05751953125,0.0,1.220703125,2.685546875,-60.3204345703125,-78.2501220703125,17.3583984375,100.05913284427865
2025-05-29 21:41:32.476,9.579882812500001,-1.7322265625000002,1.06708984375,-0.18310546875,0.91552734375,0.8544921875,-60.2545166015625,-78.1842041015625,17.29248046875,100.18775440299929
2025-05-29 21:41:32.512,9.589453125,-1.7083007812500002,1.1005859375,-0.06103515625,1.220703125,0.6103515625,-60.2215576171875,-78.15673828125,17.2540283203125,100.03638855892801
2025-05-29 21:41:32.543,9.575097656250001,-1.7465820312500002,1.10537109375,-0.18310546875,0.0,0.67138671875,-60.13916015625,-78.1182861328125,17.1826171875,100.27085303819572
2025-05-29 21:41:32.605,9.579882812500001,-1.7322265625000002,1.0862304687500002,-0.06103515625,0.42724609375,1.15966796875,-60.2105712890625,-78.0908203125,17.259521484375,100.18554281975243
2025-05-29 21:41:32.668,9.5703125,-1.7513671875,1.0814453125,0.18310546875,0.48828125,0.67138671875,-60.22705078125,-78.0413818359375,17.29248046875,100.3062067349767
2025-05-29 21:41:32.700,9.5703125,-1.7226562500000002,1.1005859375,-0.06103515625,0.732421875,0.48828125,-60.1611328125,-78.0194091796875,17.237548828125,100.13855227815792
2025-05-29 21:41:32.730,9.579882812500001,-1.7609375,1.0958007812500001,0.06103515625,0.42724609375,0.79345703125,-60.1226806640625,-77.98095703125,17.20458984375,100.34960614787099
2025-05-29 21:41:32.793,9.5703125,-1.7609375,1.0862304687500002,0.0,0.732421875,0.48828125,-60.1007080078125,-77.9534912109375,17.1990966796875,100.36074145764444
2025-05-29 21:41:32.856,9.575097656250001,-1.7465820312500002,1.1005859375,-0.06103515625,0.30517578125,0.8544921875,-60.062255859375,-77.9205322265625,17.16064453125,100.2714241562805
2025-05-29 21:41:32.889,9.5607421875,-1.7657226562500001,1.1197265625000001,-0.06103515625,0.6103515625,0.244140625,-60.0567626953125,-77.89306640625,17.1661376953125,100.39426949199004
2025-05-29 21:41:32.919,9.58466796875,-1.7561523437500002,1.129296875,-0.06103515625,-0.1220703125,0.3662109375,-60.029296875,-77.882080078125,17.138671875,100.31306994884002
2025-05-29 21:41:32.950,9.56552734375,-1.7657226562500001,1.12451171875,0.0,0.18310546875,0.0,-60.029296875,-77.87109375,17.1551513671875,100.38866349520394
2025-05-29 21:41:33.015,9.551171875000001,-1.78486328125,1.11494140625,0.244140625,0.18310546875,0.244140625,-60.00732421875,-77.860107421875,17.1551513671875,100.51519535740805
2025-05-29 21:41:33.047,9.579882812500001,-1.7561523437500002,1.12451171875,0.0,0.0,0.48828125,-59.9908447265625,-77.84912109375,17.149658203125,100.31862679298992
2025-05-29 21:41:33.110,9.5607421875,-1.7800781250000002,1.1197265625000001,0.0,0.06103515625,0.06103515625,-60.018310546875,-77.8326416015625,17.193603515625,100.47691185527844
2025-05-29 21:41:33.140,9.5416015625,-1.7609375,1.1005859375,0.0,-0.8544921875,-0.54931640625,-60.0457763671875,-77.8436279296875,17.2320556640625,100.38911989286703
2025-05-29 21:41:33.171,9.5416015625,-1.7705078125000002,1.091015625,0.30517578125,0.732421875,0.79345703125,-60.062255859375,-77.8436279296875,17.2650146484375,100.44550458667668
2025-05-29 21:41:33.233,9.5607421875,-1.7657226562500001,1.129296875,0.06103515625,0.244140625,-0.06103515625,-59.96337890625,-77.8216552734375,17.1826171875,100.39308879227218
2025-05-29 21:41:33.265,9.575097656250001,-1.7657226562500001,1.129296875,-0.1220703125,0.0,0.79345703125,-59.974365234375,-77.8106689453125,17.1990966796875,100.37805505180104
2025-05-29 21:41:33.332,9.56552734375,-1.7896484375000001,1.129296875,-0.06103515625,0.1220703125,-0.42724609375,-59.974365234375,-77.794189453125,17.215576171875,100.52570721152706
2025-05-29 21:41:33.362,9.555957031250001,-1.7609375,1.11494140625,-0.06103515625,-0.48828125,0.18310546875,-59.9853515625,-77.8106689453125,17.2320556640625,100.37230813196872
2025-05-29 21:41:33.424,9.5703125,-1.7800781250000002,1.1340820312500002,0.18310546875,0.18310546875,0.1220703125,-59.996337890625,-77.80517578125,17.259521484375,100.46502204139017
2025-05-29 21:41:33.455,9.56552734375,-1.7944335937500002,1.1101562500000002,0.0,-0.67138671875,-0.6103515625,-60.0018310546875,-77.816162109375,17.281494140625,100.55560339651585
2025-05-29 21:41:33.488,9.56552734375,-1.7513671875,1.1197265625000001,0.0,-0.244140625,-0.30517578125,-59.9908447265625,-77.84912109375,17.281494140625,100.30660384013548
2025-05-29 21:41:33.554,9.5607421875,-1.7944335937500002,1.1340820312500002,0.06103515625,-0.18310546875,0.0,-60.0018310546875,-77.8546142578125,17.3089599609375,100.55770855634786
2025-05-29 21:41:33.584,9.555957031250001,-1.7417968750000001,1.129296875,-0.1220703125,-0.67138671875,-0.54931640625,-59.9798583984375,-77.8765869140625,17.2979736328125,100.26022648743744
2025-05-29 21:41:33.615,9.56552734375,-1.7609375,1.1005859375,0.0,-0.54931640625,-0.18310546875,-60.05126953125,-77.8985595703125,17.3858642578125,100.3640304664476
2025-05-29 21:41:33.675,9.5607421875,-1.7609375,1.0958007812500001,-0.06103515625,-0.48828125,-0.732421875,-60.0567626953125,-77.926025390625,17.40234375,100.36961442979333
2025-05-29 21:41:33.709,9.555957031250001,-1.7417968750000001,1.0958007812500001,-0.1220703125,-0.732421875,-0.3662109375,-60.084228515625,-77.958984375,17.4407958984375,100.26427066881934
2025-05-29 21:41:33.776,9.579882812500001,-1.7465820312500002,1.1005859375,0.0,-0.6103515625,0.1220703125,-60.1611328125,-77.9754638671875,17.523193359375,100.26646814413397
2025-05-29 21:41:33.808,9.579882812500001,-1.7657226562500001,1.07666015625,0.0,-0.67138671875,-0.18310546875,-60.2325439453125,-77.9864501953125,17.6165771484375,100.37939074436433
2025-05-29 21:41:33.850,9.551171875000001,-1.7561523437500002,1.05751953125,0.0,0.1220703125,-0.54931640625,-60.2490234375,-78.0084228515625,17.6385498046875,100.35657167028951
2025-05-29 21:41:33.926,9.5607421875,-1.7226562500000002,1.1197265625000001,0.06103515625,0.18310546875,0.18310546875,-60.1446533203125,-78.0029296875,17.5396728515625,100.14608112055248
2025-05-29 21:41:33.998,9.575097656250001,-1.73701171875,1.10537109375,0.30517578125,0.0,0.42724609375,-60.1611328125,-77.991943359375,17.5726318359375,100.21576273377602
2025-05-29 21:41:34.031,9.579882812500001,-1.7513671875,1.10537109375,0.06103515625,0.0,0.67138671875,-60.1611328125,-77.9754638671875,17.589111328125,100.29342310436736
2025-05-29 21:41:34.062,9.527246093750001,-1.7513671875,1.0718750000000001,0.1220703125,-0.18310546875,-0.732421875,-60.172119140625,-77.9864501953125,17.6165771484375,100.35234601570684
2025-05-29 21:41:34.093,9.555957031250001,-1.7465820312500002,1.0862304687500002,0.244140625,0.54931640625,1.15966796875,-60.1446533203125,-77.958984375,17.6055908203125,100.29300423871662
2025-05-29 21:41:34.158,9.5703125,-1.7609375,1.10537109375,0.0,0.54931640625,0.42724609375,-60.1226806640625,-77.926025390625,17.589111328125,100.3584505146369
2025-05-29 21:41:34.193,9.59423828125,-1.7417968750000001,1.11494140625,0.18310546875,0.06103515625,0.79345703125,-60.1226806640625,-77.8985595703125,17.6055908203125,100.22242866453577
2025-05-29 21:41:34.258,9.579882812500001,-1.77529296875,1.0958007812500001,0.1220703125,-0.06103515625,0.0,-60.1666259765625,-77.89306640625,17.6715087890625,100.43213280003943
2025-05-29 21:41:34.290,9.5703125,-1.7561523437500002,1.11494140625,0.06103515625,-0.3662109375,-0.3662109375,-60.1556396484375,-77.9095458984375,17.6715087890625,100.32975252617999
2025-05-29 21:41:34.322,9.56552734375,-1.7657226562500001,1.0958007812500001,0.30517578125,-0.3662109375,-0.18310546875,-60.1885986328125,-77.9205322265625,17.73193359375,100.39215707725955
2025-05-29 21:41:34.385,9.56552734375,-1.7561523437500002,1.12451171875,0.0,-0.18310546875,-0.6103515625,-60.150146484375,-77.9425048828125,17.7044677734375,100.3335726826752
2025-05-29 21:41:34.448,9.589453125,-1.7609375,1.10537109375,0.42724609375,-0.42724609375,0.1220703125,-60.205078125,-77.947998046875,17.786865234375,100.33848678166011
2025-05-29 21:41:34.478,9.5703125,-1.77529296875,1.0862304687500002,0.3662109375,-0.3662109375,-0.732421875,-60.18310546875,-77.9644775390625,17.7978515625,100.44335295201512
2025-05-29 21:41:34.512,9.56552734375,-1.7130859375,1.091015625,0.244140625,-0.48828125,-0.9765625,-60.13916015625,-78.013916015625,17.7703857421875,100.08937992503222
2025-05-29 21:41:34.575,9.579882812500001,-1.7513671875,1.0862304687500002,0.3662109375,-0.67138671875,-0.30517578125,-60.1666259765625,-78.035888671875,17.8253173828125,100.29569580279913
2025-05-29 21:41:34.606,9.56552734375,-1.7561523437500002,1.07666015625,0.18310546875,-0.42724609375,-1.28173828125,-60.1336669921875,-78.079833984375,17.808837890625,100.3393177481868
2025-05-29 21:41:34.639,9.5703125,-1.72744140625,1.07666015625,0.1220703125,-1.0986328125,-0.6103515625,-60.194091796875,-78.123779296875,17.8802490234375,100.16892323997843
2025-05-29 21:41:34.701,9.579882812500001,-1.7178710937500001,1.0862304687500002,0.1220703125,-0.48828125,-1.40380859375,-60.1611328125,-78.1787109375,17.86376953125,100.10287806872383
2025-05-29 21:41:34.733,9.5703125,-1.7178710937500001,1.06708984375,0.1220703125,-0.91552734375,-0.9765625,-60.2105712890625,-78.22265625,17.9351806640625,100.11484751559169
2025-05-29 21:41:34.765,9.54638671875,-1.7178710937500001,1.0623046875000002,0.1220703125,-0.8544921875,-0.18310546875,-60.2490234375,-78.2611083984375,17.9901123046875,100.1399149721906
2025-05-29 21:41:34.830,9.589453125,-1.68916015625,1.0623046875000002,-0.1220703125,-0.6103515625,-0.3662109375,-60.3204345703125,-78.2830810546875,18.0780029296875,99.93051064762436
2025-05-29 21:41:34.896,9.603808593750001,-1.73701171875,1.02880859375,0.06103515625,-0.54931640625,0.06103515625,-60.435791015625,-78.2940673828125,18.2098388671875,100.19498387535307
2025-05-29 21:41:34.927,9.589453125,-1.7083007812500002,1.0718750000000001,0.0,-0.79345703125,-1.953125,-60.4302978515625,-78.3270263671875,18.2098388671875,100.03968138692723
2025-05-29 21:41:34.959,9.575097656250001,-1.6604492187500002,1.06708984375,0.67138671875,-0.42724609375,-0.67138671875,-60.3753662109375,-78.3929443359375,18.17138671875,99.7786537868882
2025-05-29 21:41:35.025,9.58466796875,-1.67958984375,1.0479492187500001,0.54931640625,-0.8544921875,-0.6103515625,-60.347900390625,-78.4259033203125,18.182373046875,99.8817103158939
2025-05-29 21:41:35.057,9.58466796875,-1.67958984375,1.03359375,0.244140625,-0.91552734375,-0.48828125,-60.413818359375,-78.46435546875,18.28125,99.88326752125602
2025-05-29 21:41:35.093,9.589453125,-1.68916015625,1.01923828125,0.1220703125,-0.9765625,-0.3662109375,-60.4962158203125,-78.497314453125,18.3856201171875,99.93520046369161
2025-05-29 21:41:35.157,9.579882812500001,-1.665234375,1.0144531250000002,0.06103515625,-0.9765625,-0.9765625,-60.589599609375,-78.5357666015625,18.489990234375,99.80721562098311
2025-05-29 21:41:35.188,9.56552734375,-1.6556640625,1.01923828125,0.18310546875,-0.54931640625,-0.9765625,-60.589599609375,-78.585205078125,18.511962890625,99.7656280223546
2025-05-29 21:41:35.219,9.599023437500001,-1.6604492187500002,1.0144531250000002,0.06103515625,-1.15966796875,-0.732421875,-60.62255859375,-78.629150390625,18.555908203125,99.76066516555335
2025-05-29 21:41:35.288,9.59423828125,-1.665234375,1.01923828125,0.244140625,-0.30517578125,-0.8544921875,-60.6939697265625,-78.6676025390625,18.643798828125,99.79248304245988
2025-05-29 21:41:35.355,9.58466796875,-1.6460937500000001,1.0240234375000001,0.30517578125,-0.42724609375,-0.30517578125,-60.655517578125,-78.695068359375,18.6273193359375,99.69094638321361
2025-05-29 21:41:35.386,9.555957031250001,-1.6221679687500001,1.0048828125,0.244140625,-0.06103515625,0.0,-60.6390380859375,-78.7115478515625,18.6328125,99.58253194347346
2025-05-29 21:41:35.417,9.56552734375,-1.665234375,0.9905273437500001,0.18310546875,0.0,1.5869140625,-60.7159423828125,-78.68408203125,18.731689453125,99.82398429984693
2025-05-29 21:41:35.448,9.58466796875,-1.665234375,0.9905273437500001,0.0,0.54931640625,0.54931640625,-60.7598876953125,-78.6456298828125,18.78662109375,99.80495039581636
2025-05-29 21:41:35.513,9.59423828125,-1.6700195312500001,1.0048828125,-0.06103515625,0.3662109375,0.6103515625,-60.743408203125,-78.6126708984375,18.7701416015625,99.82157843969964
2025-05-29 21:41:35.578,9.59423828125,-1.6460937500000001,1.0144531250000002,0.0,0.18310546875,0.3662109375,-60.721435546875,-78.6016845703125,18.753662109375,99.68256487506547
2025-05-29 21:41:35.609,9.589453125,-1.6748046875000002,1.01923828125,0.0,0.06103515625,0.3662109375,-60.7489013671875,-78.585205078125,18.7811279296875,99.85242684381703
2025-05-29 21:41:35.640,9.579882812500001,-1.67958984375,1.02880859375,-0.06103515625,0.06103515625,0.0,-60.7269287109375,-78.5797119140625,18.7646484375,99.8885663362628
2025-05-29 21:41:35.671,9.58466796875,-1.6748046875000002,1.03359375,0.0,0.42724609375,0.8544921875,-60.732421875,-78.563232421875,18.775634765625,99.8556629794463
2025-05-29 21:41:35.733,9.575097656250001,-1.6748046875000002,1.0240234375000001,-0.06103515625,0.732421875,1.03759765625,-60.721435546875,-78.519287109375,18.7701416015625,99.86623592332425
2025-05-29 21:41:35.767,9.5607421875,-1.68916015625,1.0240234375000001,-0.06103515625,0.54931640625,0.79345703125,-60.7159423828125,-78.4698486328125,18.775634765625,99.96359444959455
2025-05-29 21:41:35.833,9.5607421875,-1.67958984375,1.01923828125,0.1220703125,1.708984375,1.953125,-60.6829833984375,-78.4039306640625,18.7481689453125,99.90877888339732
2025-05-29 21:41:35.864,9.58466796875,-1.6987304687500002,1.05751953125,0.0,1.46484375,1.220703125,-60.556640625,-78.321533203125,18.6273193359375,99.99100444855168
2025-05-29 21:41:35.895,9.599023437500001,-1.7083007812500002,1.0623046875000002,0.0,1.03759765625,1.5869140625,-60.5072021484375,-78.255615234375,18.577880859375,100.03107175914515
2025-05-29 21:41:35.957,9.589453125,-1.73701171875,1.05751953125,-0.18310546875,0.9765625,0.8544921875,-60.46875,-78.1951904296875,18.5394287109375,100.20653836848403
2025-05-29 21:41:36.028,9.5703125,-1.7130859375,1.07666015625,-0.244140625,0.79345703125,0.0,-60.3643798828125,-78.1732177734375,18.4295654296875,100.0861590332207
2025-05-29 21:41:36.061,9.589453125,-1.72744140625,1.1005859375,0.0,0.48828125,1.03759765625,-60.31494140625,-78.1402587890625,18.3856201171875,100.14651723847193
2025-05-29 21:41:36.092,9.575097656250001,-1.7561523437500002,1.07666015625,-0.06103515625,0.18310546875,-0.30517578125,-60.3094482421875,-78.123779296875,18.3856201171875,100.32933248034995
2025-05-29 21:41:36.171,9.59423828125,-1.72744140625,1.0862304687500002,0.06103515625,0.0,0.30517578125,-60.2874755859375,-78.123779296875,18.3746337890625,100.14329796303412
2025-05-29 21:41:36.206,9.58466796875,-1.7226562500000002,1.07666015625,0.18310546875,0.0,-0.48828125,-60.2435302734375,-78.1292724609375,18.34716796875,100.12665076242821
2025-05-29 21:41:36.244,9.5607421875,-1.7226562500000002,1.0718750000000001,0.06103515625,0.06103515625,0.18310546875,-60.238037109375,-78.134765625,18.3526611328125,100.15170803305229
2025-05-29 21:41:36.309,9.579882812500001,-1.7417968750000001,1.07666015625,0.18310546875,0.54931640625,0.6103515625,-60.216064453125,-78.1072998046875,18.34716796875,100.24174515088087
2025-05-29 21:41:36.340,9.56552734375,-1.7417968750000001,1.0814453125,0.244140625,0.54931640625,0.6103515625,-60.172119140625,-78.06884765625,18.3197021484375,100.25604197666532
2025-05-29 21:41:36.370,9.5607421875,-1.7465820312500002,1.0718750000000001,0.0,0.18310546875,0.48828125,-60.18310546875,-78.046875,18.336181640625,100.28971178021854
2025-05-29 21:41:36.435,9.579882812500001,-1.72744140625,1.11494140625,0.0,0.42724609375,0.3662109375,-60.128173828125,-78.0303955078125,18.292236328125,100.15461312539502
2025-05-29 21:41:36.467,9.579882812500001,-1.7561523437500002,1.1101562500000002,0.30517578125,0.244140625,0.732421875,-60.1611328125,-77.9974365234375,18.3416748046875,100.32036794688487
2025-05-29 21:41:36.535,9.56552734375,-1.7561523437500002,1.1005859375,0.3662109375,0.18310546875,0.1220703125,-60.128173828125,-77.98095703125,18.336181640625,100.33647524120441
2025-05-29 21:41:36.567,9.5607421875,-1.7513671875,1.1005859375,0.0,0.30517578125,0.0,-60.106201171875,-77.98095703125,18.3306884765625,100.31389806868101
2025-05-29 21:41:36.598,9.575097656250001,-1.7609375,1.12451171875,0.42724609375,0.0,0.67138671875,-60.0732421875,-77.958984375,18.3197021484375,100.3511264542543
2025-05-29 21:41:36.662,9.575097656250001,-1.78486328125,1.0958007812500001,0.06103515625,-0.244140625,-0.30517578125,-60.1226806640625,-77.958984375,18.39111328125,100.49218463634908
2025-05-29 21:41:36.727,9.5224609375,-1.73701171875,1.0958007812500001,0.30517578125,0.244140625,0.48828125,-60.084228515625,-77.958984375,18.3636474609375,100.27145248778568
2025-05-29 21:41:36.759,9.551171875000001,-1.7609375,1.0814453125,0.48828125,1.0986328125,0.8544921875,-60.0018310546875,-77.9095458984375,18.3087158203125,100.38136440621257
2025-05-29 21:41:36.791,9.575097656250001,-1.7465820312500002,1.1580078125000002,0.244140625,1.15966796875,0.79345703125,-59.8260498046875,-77.8546142578125,18.1494140625,100.2644138075212
2025-05-29 21:41:36.821,9.575097656250001,-1.7896484375000001,1.0862304687500002,0.1220703125,-0.06103515625,1.40380859375,-59.9853515625,-77.80517578125,18.3306884765625,100.5208430679305
2025-05-29 21:41:36.887,9.56552734375,-1.7657226562500001,1.16279296875,0.0,0.79345703125,-0.42724609375,-59.8370361328125,-77.794189453125,18.1878662109375,100.38387057839586
2025-05-29 21:41:36.921,9.579882812500001,-1.73701171875,1.1436523437500001,0.1220703125,-1.3427734375,-0.244140625,-59.8919677734375,-77.8326416015625,18.2647705078125,100.20620899386672
2025-05-29 21:41:36.988,9.54638671875,-1.7896484375000001,1.091015625,0.3662109375,0.42724609375,0.91552734375,-59.9688720703125,-77.8106689453125,18.369140625,100.55079840025346
2025-05-29 21:41:37.023,9.575097656250001,-1.7705078125000002,1.1340820312500002,0.06103515625,-0.732421875,-0.54931640625,-59.87548828125,-77.8216552734375,18.292236328125,100.40497341866242
2025-05-29 21:41:37.055,9.551171875000001,-1.7705078125000002,1.11494140625,0.244140625,0.3662109375,0.8544921875,-59.908447265625,-77.8271484375,18.3416748046875,100.43248690478376
2025-05-29 21:41:37.121,9.579882812500001,-1.7561523437500002,1.17236328125,0.244140625,0.3662109375,-0.48828125,-59.820556640625,-77.80517578125,18.2757568359375,100.31266805918258
2025-05-29 21:41:37.187,9.53681640625,-1.7657226562500001,1.07666015625,0.06103515625,-0.91552734375,1.220703125,-59.8480224609375,-77.8106689453125,18.3306884765625,100.42466098064675
2025-05-29 21:41:37.219,9.5703125,-1.8040039062500002,1.1388671875,0.244140625,1.3427734375,0.18310546875,-59.91943359375,-77.772216796875,18.4185791015625,100.60190551684602
2025-05-29 21:41:37.253,9.5607421875,-1.7800781250000002,1.1005859375,-0.06103515625,-0.54931640625,0.30517578125,-59.8590087890625,-77.76123046875,18.369140625,100.47926200507003
2025-05-29 21:41:37.318,9.58466796875,-1.7465820312500002,1.1436523437500001,0.1220703125,0.3662109375,-0.3662109375,-59.8370361328125,-77.7557373046875,18.358154296875,100.25630622298998
2025-05-29 21:41:37.350,9.575097656250001,-1.78486328125,1.11494140625,0.0,-1.03759765625,-0.91552734375,-59.8590087890625,-77.7777099609375,18.3966064453125,100.48984851904616
2025-05-29 21:41:37.383,9.5703125,-1.7657226562500001,1.15322265625,0.1220703125,0.0,-0.6103515625,-59.842529296875,-77.8216552734375,18.3856201171875,100.38007629997631
2025-05-29 21:41:37.447,9.555957031250001,-1.8135742187500001,1.1197265625000001,0.1220703125,-0.3662109375,-0.30517578125,-59.842529296875,-77.838134765625,18.4130859375,100.67472151474203
2025-05-29 21:41:37.479,9.5703125,-1.77529296875,1.1484375,0.30517578125,0.0,-0.1220703125,-59.798583984375,-77.84912109375,18.3856201171875,100.43570910028033
2025-05-29 21:41:37.513,9.589453125,-1.7513671875,1.1340820312500002,0.18310546875,-0.244140625,0.0,-59.78759765625,-77.84912109375,18.3966064453125,100.28003091755572
2025-05-29 21:41:37.579,9.53681640625,-1.7322265625000002,1.1005859375,0.42724609375,-0.42724609375,-0.244140625,-59.78759765625,-77.8656005859375,18.4185791015625,100.22828848161201
2025-05-29 21:41:37.647,9.5703125,-1.7657226562500001,1.0958007812500001,0.48828125,0.18310546875,0.42724609375,-59.8095703125,-77.860107421875,18.47900390625,100.38713992177976
2025-05-29 21:41:37.679,9.56552734375,-1.78486328125,1.129296875,0.3662109375,0.1220703125,-0.06103515625,-59.765625,-77.84912109375,18.45703125,100.49819010297239
2025-05-29 21:41:37.711,9.579882812500001,-1.77529296875,1.1340820312500002,0.54931640625,0.06103515625,-0.06103515625,-59.7161865234375,-77.8436279296875,18.43505859375,100.42745208818127
2025-05-29 21:41:37.779,9.551171875000001,-1.72744140625,1.12451171875,0.06103515625,-0.91552734375,-1.0986328125,-59.688720703125,-77.8765869140625,18.4185791015625,100.18294351956298
2025-05-29 21:41:37.816,9.579882812500001,-1.7130859375,1.1197265625000001,0.3662109375,-0.42724609375,0.3662109375,-59.7491455078125,-77.9095458984375,18.5064697265625,100.07139349059395
2025-05-29 21:41:37.854,9.579882812500001,-1.78486328125,1.12451171875,0.48828125,-0.54931640625,-0.42724609375,-59.8040771484375,-77.9095458984375,18.5943603515625,100.48361261828062
2025-05-29 21:41:37.919,9.5703125,-1.7417968750000001,1.1101562500000002,0.0,-1.15966796875,-1.46484375,-59.8095703125,-77.9644775390625,18.621826171875,100.2476845815206
2025-05-29 21:41:37.952,9.575097656250001,-1.7417968750000001,1.129296875,0.244140625,-1.03759765625,-0.48828125,-59.864501953125,-78.013916015625,18.6932373046875,100.24042640508749
2025-05-29 21:41:37.983,9.5416015625,-1.7657226562500001,1.1005859375,0.3662109375,-0.42724609375,-0.79345703125,-59.9468994140625,-78.0413818359375,18.8140869140625,100.4167340085804
2025-05-29 21:41:38.052,9.5607421875,-1.7083007812500002,1.1005859375,0.30517578125,-1.3427734375,-0.67138671875,-59.9359130859375,-78.0908203125,18.83056640625,100.0655269014892
2025-05-29 21:41:38.086,9.58466796875,-1.7226562500000002,1.0623046875000002,0.30517578125,-1.3427734375,-0.67138671875,-60.062255859375,-78.1402587890625,18.984375,100.12828787997854
2025-05-29 21:41:38.152,9.56552734375,-1.7417968750000001,1.06708984375,-0.06103515625,-0.732421875,-1.46484375,-60.128173828125,-78.189697265625,19.072265625,100.2577129330064
2025-05-29 21:41:38.184,9.575097656250001,-1.6939453125000001,1.0958007812500001,0.0,-0.9765625,-1.220703125,-60.128173828125,-78.2501220703125,19.0777587890625,99.96872894677526
2025-05-29 21:41:38.253,9.589453125,-1.6939453125000001,1.0718750000000001,0.3662109375,-1.5869140625,-0.79345703125,-60.2105712890625,-78.310546875,19.1876220703125,99.95700962298866
2025-05-29 21:41:38.288,9.579882812500001,-1.6987304687500002,1.0479492187500001,0.0,-1.03759765625,-1.15966796875,-60.3094482421875,-78.3709716796875,19.3084716796875,99.99689792102991
2025-05-29 21:41:38.322,9.579882812500001,-1.67958984375,1.06708984375,-0.06103515625,-1.0986328125,-1.64794921875,-60.3424072265625,-78.431396484375,19.3524169921875,99.88438009110016
2025-05-29 21:41:38.389,9.58466796875,-1.67958984375,1.0431640625,0.3662109375,-1.5869140625,-0.732421875,-60.4412841796875,-78.497314453125,19.4842529296875,99.88223168888868
2025-05-29 21:41:38.421,9.579882812500001,-1.6843750000000002,1.01923828125,0.0,-1.0986328125,-1.0986328125,-60.5126953125,-78.55224609375,19.57763671875,99.91720666634359
2025-05-29 21:41:38.454,9.53681640625,-1.6604492187500002,0.9905273437500001,0.06103515625,-0.91552734375,0.0,-60.62255859375,-78.59619140625,19.7039794921875,99.82491222815585
2025-05-29 21:41:38.523,9.551171875000001,-1.6604492187500002,1.02880859375,0.244140625,0.91552734375,0.3662109375,-60.567626953125,-78.5687255859375,19.6600341796875,99.80655661534195
2025-05-29 21:41:38.558,9.579882812500001,-1.6508789062500002,1.0144531250000002,-0.1220703125,-0.06103515625,0.6103515625,-60.5731201171875,-78.55224609375,19.676513671875,99.72429168981803
2025-05-29 21:41:38.622,9.60859375,-1.6748046875000002,1.01923828125,-0.18310546875,0.06103515625,1.3427734375,-60.6500244140625,-78.519287109375,19.75341796875,99.83339832015504
2025-05-29 21:41:38.655,9.589453125,-1.6843750000000002,1.0240234375000001,-0.48828125,0.18310546875,-0.06103515625,-60.699462890625,-78.497314453125,19.79736328125,99.90710342756873
2025-05-29 21:41:38.687,9.589453125,-1.6604492187500002,1.0479492187500001,0.06103515625,0.54931640625,0.54931640625,-60.655517578125,-78.486328125,19.75341796875,99.76655566583752
2025-05-29 21:41:38.754,9.579882812500001,-1.703515625,1.0383789062500002,0.0,0.30517578125,0.9765625,-60.6719970703125,-78.4478759765625,19.786376953125,100.02554370555971
2025-05-29 21:41:38.791,9.575097656250001,-1.6939453125000001,1.02880859375,-0.3662109375,0.1220703125,0.91552734375,-60.732421875,-78.4259033203125,19.8468017578125,99.97622210434892
2025-05-29 21:41:38.869,9.579882812500001,-1.6939453125000001,1.0479492187500001,0.1220703125,1.0986328125,0.91552734375,-60.6829833984375,-78.3709716796875,19.808349609375,99.96930335451697
2025-05-29 21:41:38.910,9.5703125,-1.6939453125000001,1.05751953125,0.0,0.48828125,0.79345703125,-60.64453125,-78.33251953125,19.775390625,99.97789397378213
2025-05-29 21:41:38.997,9.58466796875,-1.703515625,1.0383789062500002,0.0,0.732421875,1.89208984375,-60.6719970703125,-78.2720947265625,19.8138427734375,100.02069681272106
2025-05-29 21:41:39.037,9.579882812500001,-1.7417968750000001,1.0431640625,-0.1220703125,0.91552734375,1.220703125,-60.655517578125,-78.2061767578125,19.808349609375,100.24557709530391
2025-05-29 21:41:39.072,9.575097656250001,-1.7322265625000002,1.052734375,-0.18310546875,0.79345703125,0.67138671875,-60.6170654296875,-78.167724609375,19.764404296875,100.19431406864426
2025-05-29 21:41:39.144,9.58466796875,-1.7130859375,1.07666015625,-0.1220703125,0.54931640625,0.0,-60.5126953125,-78.1512451171875,19.654541015625,100.0715464709739
2025-05-29 21:41:39.180,9.5703125,-1.7322265625000002,1.0623046875000002,-0.1220703125,0.3662109375,0.732421875,-60.523681640625,-78.1292724609375,19.6710205078125,100.19815461602767
2025-05-29 21:41:39.213,9.579882812500001,-1.7417968750000001,1.0958007812500001,-0.06103515625,0.6103515625,0.06103515625,-60.4302978515625,-78.1072998046875,19.57763671875,100.2395030924185
2025-05-29 21:41:39.283,9.589453125,-1.7322265625000002,1.0958007812500001,-0.06103515625,0.30517578125,0.244140625,-60.3973388671875,-78.0963134765625,19.5556640625,100.17459951490635
2025-05-29 21:41:39.349,9.5607421875,-1.7561523437500002,1.0814453125,0.0,0.18310546875,0.18310546875,-60.3863525390625,-78.079833984375,19.5556640625,100.34375299116466
2025-05-29 21:41:39.380,9.527246093750001,-1.72744140625,1.0623046875000002,-0.06103515625,0.244140625,0.244140625,-60.3863525390625,-78.079833984375,19.566650390625,100.21502878969093
2025-05-29 21:41:39.413,9.5703125,-1.7417968750000001,1.0718750000000001,0.30517578125,1.0986328125,1.220703125,-60.3753662109375,-78.035888671875,19.566650390625,100.25220075927682
2025-05-29 21:41:39.481,9.579882812500001,-1.7513671875,1.0958007812500001,0.0,0.8544921875,0.18310546875,-60.2764892578125,-77.991943359375,19.4842529296875,100.29456422764137
2025-05-29 21:41:39.516,9.58466796875,-1.7561523437500002,1.1005859375,0.1220703125,0.30517578125,0.8544921875,-60.2105712890625,-77.9644775390625,19.4183349609375,100.31654006129213
2025-05-29 21:41:39.549,9.579882812500001,-1.7609375,1.1005859375,0.0,0.244140625,0.06103515625,-60.205078125,-77.93701171875,19.423828125,100.34903386812157
2025-05-29 21:41:39.615,9.56552734375,-1.7417968750000001,1.1005859375,0.0,0.0,-0.30517578125,-60.1556396484375,-77.947998046875,19.3853759765625,100.2537806019276
2025-05-29 21:41:39.648,9.5703125,-1.7657226562500001,1.1101562500000002,0.1220703125,0.18310546875,0.30517578125,-60.1556396484375,-77.9425048828125,19.3963623046875,100.3854064969946
2025-05-29 21:41:39.718,9.575097656250001,-1.7609375,1.1197265625000001,0.0,0.06103515625,-0.54931640625,-60.1116943359375,-77.93701171875,19.368896484375,100.35171155786541
2025-05-29 21:41:39.753,9.5703125,-1.7561523437500002,1.1005859375,0.1220703125,0.06103515625,0.0,-60.0897216796875,-77.947998046875,19.3524169921875,100.3314843540822
2025-05-29 21:41:39.786,9.5607421875,-1.7561523437500002,1.1101562500000002,0.1220703125,0.244140625,-0.48828125,-60.040283203125,-77.9425048828125,19.324951171875,100.34031536791971
2025-05-29 21:41:39.858,9.56552734375,-1.7322265625000002,1.1005859375,0.0,-0.54931640625,0.30517578125,-59.996337890625,-77.958984375,19.2919921875,100.19862682112307
2025-05-29 21:41:39.901,9.5703125,-1.7609375,1.091015625,0.1220703125,0.0,-0.1220703125,-60.0457763671875,-77.958984375,19.3634033203125,100.3601723315462
2025-05-29 21:41:39.948,9.5703125,-1.7609375,1.0958007812500001,0.06103515625,-0.06103515625,0.1220703125,-60.0238037109375,-77.958984375,19.3524169921875,100.35960079820079
2025-05-29 21:41:40.039,9.5703125,-1.73701171875,1.091015625,-0.06103515625,-0.3662109375,0.0,-60.029296875,-77.9644775390625,19.368896484375,100.22239706542129
2025-05-29 21:41:40.076,9.5703125,-1.7561523437500002,1.1101562500000002,0.0,0.0,0.06103515625,-60.0677490234375,-77.9644775390625,19.412841796875,100.33033219879249
2025-05-29 21:41:40.146,9.5607421875,-1.7465820312500002,1.129296875,0.1220703125,-0.30517578125,-0.1220703125,-60.040283203125,-77.969970703125,19.40185546875,100.28284294542053
2025-05-29 21:41:40.179,9.579882812500001,-1.7417968750000001,1.1101562500000002,0.0,-0.244140625,-0.42724609375,-60.0567626953125,-77.9864501953125,19.4293212890625,100.23779660910785
2025-05-29 21:41:40.210,9.555957031250001,-1.7561523437500002,1.10537109375,0.06103515625,0.0,0.1220703125,-60.062255859375,-77.991943359375,19.456787109375,100.34589385500867
2025-05-29 21:41:40.278,9.56552734375,-1.7561523437500002,1.1101562500000002,0.0,-0.42724609375,-0.54931640625,-60.062255859375,-77.9974365234375,19.4677734375,100.33532141540078
2025-05-29 21:41:40.312,9.527246093750001,-1.7417968750000001,1.07666015625,0.3662109375,0.67138671875,1.3427734375,-60.084228515625,-77.9864501953125,19.51171875,100.29642575422673
2025-05-29 21:41:40.379,9.5703125,-1.7465820312500002,1.1101562500000002,0.1220703125,0.67138671875,0.244140625,-59.9853515625,-77.947998046875,19.434814453125,100.27523859464802
2025-05-29 21:41:40.412,9.589453125,-1.73701171875,1.12451171875,0.06103515625,0.30517578125,0.1220703125,-59.930419921875,-77.9315185546875,19.3853759765625,100.19870102750399
2025-05-29 21:41:40.445,9.589453125,-1.77529296875,1.10537109375,0.18310546875,-0.06103515625,0.48828125,-59.9578857421875,-77.9095458984375,19.4293212890625,100.42092870051928
2025-05-29 21:41:40.513,9.5703125,-1.72744140625,1.11494140625,0.0,-0.42724609375,-0.9765625,-59.91943359375,-77.9315185546875,19.40185546875,100.16442304496516
2025-05-29 21:41:40.583,9.58466796875,-1.7417968750000001,1.129296875,0.30517578125,0.0,-0.48828125,-59.8699951171875,-77.9644775390625,19.368896484375,100.23055448580794
2025-05-29 21:41:40.617,9.56552734375,-1.77529296875,1.11494140625,0.06103515625,-0.54931640625,-0.54931640625,-59.842529296875,-77.98095703125,19.368896484375,100.44491501245017
2025-05-29 21:41:40.650,9.555957031250001,-1.7130859375,1.1005859375,0.18310546875,-0.732421875,-0.3662109375,-59.8699951171875,-78.0194091796875,19.4073486328125,100.09802813477683
2025-05-29 21:41:40.716,9.589453125,-1.7561523437500002,1.1005859375,0.48828125,0.06103515625,0.0,-59.87548828125,-78.0194091796875,19.4403076171875,100.31156806458024
2025-05-29 21:41:40.749,9.56552734375,-1.7322265625000002,1.0958007812500001,0.244140625,-0.54931640625,-0.67138671875,-59.8370361328125,-78.0413818359375,19.4293212890625,100.19919281391668
2025-05-29 21:41:40.785,9.575097656250001,-1.7130859375,1.0862304687500002,0.42724609375,0.0,-0.06103515625,-59.83154296875,-78.0523681640625,19.44580078125,100.08018294411711
2025-05-29 21:41:40.853,9.589453125,-1.7465820312500002,1.0958007812500001,0.42724609375,-0.30517578125,-0.244140625,-59.83154296875,-78.0633544921875,19.4732666015625,100.25713647470727
2025-05-29 21:41:40.887,9.575097656250001,-1.72744140625,1.1005859375,0.244140625,-0.42724609375,-1.03759765625,-59.7711181640625,-78.0963134765625,19.434814453125,100.16121858212468
2025-05-29 21:41:40.921,9.575097656250001,-1.703515625,1.07666015625,0.3662109375,-0.732421875,-0.48828125,-59.8260498046875,-78.134765625,19.5062255859375,100.02610933185505
2025-05-29 21:41:40.988,9.59423828125,-1.7226562500000002,1.1197265625000001,0.54931640625,-0.48828125,-0.1220703125,-59.820556640625,-78.1512451171875,19.53369140625,100.11185755762959
2025-05-29 21:41:41.058,9.56552734375,-1.7465820312500002,1.0814453125,0.3662109375,-0.30517578125,-1.03759765625,-59.83154296875,-78.1787109375,19.5831298828125,100.28361748940276
2025-05-29 21:41:41.093,9.575097656250001,-1.6748046875000002,1.1101562500000002,0.48828125,-0.9765625,-0.67138671875,-59.7601318359375,-78.22265625,19.53369140625,99.85666301895897
2025-05-29 21:41:41.126,9.551171875000001,-1.6987304687500002,1.1101562500000002,0.0,-0.3662109375,-0.3662109375,-59.8260498046875,-78.255615234375,19.6270751953125,100.01885619007737
2025-05-29 21:41:41.194,9.579882812500001,-1.7226562500000002,1.0623046875000002,0.732421875,-1.5869140625,0.0,-59.974365234375,-78.2720947265625,19.8193359375,100.13318198908803
2025-05-29 21:41:41.228,9.54638671875,-1.7178710937500001,1.0144531250000002,0.6103515625,0.06103515625,-0.3662109375,-60.0238037109375,-78.28857421875,19.9017333984375,100.14526678545533
2025-05-29 21:41:41.263,9.58466796875,-1.67958984375,1.06708984375,0.06103515625,-0.79345703125,-1.220703125,-59.91943359375,-78.3380126953125,19.8138427734375,99.8796018044926
2025-05-29 21:41:41.334,9.59423828125,-1.6748046875000002,1.0958007812500001,0.244140625,0.18310546875,-0.732421875,-59.87548828125,-78.365478515625,19.7808837890625,99.83927603270092
2025-05-29 21:41:41.368,9.58466796875,-1.6700195312500001,1.07666015625,0.3662109375,-1.708984375,-0.732421875,-59.9139404296875,-78.409423828125,19.852294921875,99.8233454449103
2025-05-29 21:41:41.402,9.579882812500001,-1.665234375,1.00966796875,0.1220703125,-1.40380859375,-1.220703125,-60.084228515625,-78.486328125,20.0445556640625,99.80771750367195
2025-05-29 21:41:41.469,9.58466796875,-1.67958984375,1.06708984375,0.244140625,-0.244140625,-1.3427734375,-60.00732421875,-78.5302734375,19.984130859375,99.8796018044926
2025-05-29 21:41:41.540,9.60859375,-1.6604492187500002,1.0623046875000002,0.18310546875,-1.52587890625,-1.03759765625,-60.0732421875,-78.5906982421875,20.0665283203125,99.74614878442623
2025-05-29 21:41:41.577,9.579882812500001,-1.6508789062500002,1.0479492187500001,0.48828125,-0.54931640625,-0.48828125,-60.1226806640625,-78.629150390625,20.14892578125,99.7207433740366
2025-05-29 21:41:41.611,9.575097656250001,-1.63173828125,1.0240234375000001,0.42724609375,-0.9765625,-0.54931640625,-60.150146484375,-78.6566162109375,20.21484375,99.61733195035727
2025-05-29 21:41:41.644,9.54638671875,-1.63173828125,0.9857421875000001,0.244140625,-0.3662109375,-0.30517578125,-60.205078125,-78.68408203125,20.291748046875,99.64934317078308
2025-05-29 21:41:41.712,9.5703125,-1.6460937500000001,1.0240234375000001,0.244140625,0.0,0.67138671875,-60.1995849609375,-78.673095703125,20.302734375,99.70504524977713
2025-05-29 21:41:41.747,9.555957031250001,-1.665234375,0.976171875,0.0,0.0,1.03759765625,-60.3369140625,-78.64013671875,20.4510498046875,99.83500352721626
2025-05-29 21:41:41.817,9.603808593750001,-1.6508789062500002,1.05751953125,-0.06103515625,0.54931640625,0.8544921875,-60.2215576171875,-78.6016845703125,20.3302001953125,99.69623976844034
2025-05-29 21:41:41.852,9.589453125,-1.6508789062500002,1.0479492187500001,0.0,0.54931640625,1.3427734375,-60.2490234375,-78.5577392578125,20.3631591796875,99.71133922494779
2025-05-29 21:41:41.886,9.56552734375,-1.6843750000000002,1.03359375,0.0,0.244140625,1.220703125,-60.281982421875,-78.50830078125,20.4071044921875,99.9300806080337
2025-05-29 21:41:41.954,9.58466796875,-1.68916015625,1.052734375,0.0,1.220703125,1.52587890625,-60.303955078125,-78.453369140625,20.4400634765625,99.93637065860936
2025-05-29 21:41:41.987,9.5703125,-1.703515625,1.052734375,-0.1220703125,1.03759765625,1.5869140625,-60.2490234375,-78.37646484375,20.390625,100.03365936691957
2025-05-29 21:41:42.055,9.551171875000001,-1.68916015625,1.0383789062500002,-0.06103515625,0.42724609375,1.03759765625,-60.2545166015625,-78.3160400390625,20.3961181640625,99.97169902854614
2025-05-29 21:41:42.086,9.56552734375,-1.703515625,1.052734375,0.06103515625,2.01416015625,2.5634765625,-60.2655029296875,-78.2391357421875,20.41259765625,100.03851780955472
2025-05-29 21:41:42.116,9.59423828125,-1.7226562500000002,1.1101562500000002,0.0,1.64794921875,1.89208984375,-60.1446533203125,-78.123779296875,20.2972412109375,100.11299029655673
2025-05-29 21:41:42.178,9.58466796875,-1.7465820312500002,1.1005859375,0.0,0.79345703125,1.708984375,-60.1007080078125,-78.046875,20.2642822265625,100.26151682885813
2025-05-29 21:41:42.242,9.5703125,-1.7465820312500002,1.0862304687500002,-0.244140625,0.91552734375,0.54931640625,-60.084228515625,-77.991943359375,20.2532958984375,100.27808638646853
2025-05-29 21:41:42.276,9.56552734375,-1.7465820312500002,1.10537109375,-0.18310546875,0.67138671875,1.03759765625,-60.040283203125,-77.9534912109375,20.203857421875,100.28077752194746
2025-05-29 21:41:42.307,9.58466796875,-1.7657226562500001,1.12451171875,-0.06103515625,0.6103515625,0.244140625,-59.996337890625,-77.9095458984375,20.159912109375,100.36864355311869
2025-05-29 21:41:42.368,9.579882812500001,-1.7417968750000001,1.1340820312500002,-0.3662109375,-0.244140625,0.1220703125,-59.9688720703125,-77.904052734375,20.1324462890625,100.23490506322467
2025-05-29 21:41:42.401,9.58466796875,-1.7705078125000002,1.10537109375,0.244140625,0.30517578125,0.6103515625,-60.0347900390625,-77.8875732421875,20.21484375,100.3984620613733
2025-05-29 21:41:42.435,9.5416015625,-1.78486328125,1.0958007812500001,-0.06103515625,0.0,-0.54931640625,-59.9908447265625,-77.882080078125,20.19287109375,100.52772773328864
2025-05-29 21:41:42.509,9.56552734375,-1.7178710937500001,1.1388671875,-0.1220703125,0.1220703125,-0.06103515625,-59.9029541015625,-77.904052734375,20.0994873046875,100.11128300305327
2025-05-29 21:41:42.545,9.56552734375,-1.78486328125,1.0862304687500002,0.0,-0.54931640625,0.3662109375,-59.9853515625,-77.89306640625,20.203857421875,100.50347254314048
2025-05-29 21:41:42.578,9.5607421875,-1.7609375,1.091015625,-0.30517578125,0.06103515625,-0.3662109375,-60.0018310546875,-77.904052734375,20.2203369140625,100.37018762233292
2025-05-29 21:41:42.645,9.58466796875,-1.73701171875,1.1197265625000001,0.0,0.1220703125,-0.18310546875,-59.974365234375,-77.9095458984375,20.19287109375,100.20419411229481
2025-05-29 21:41:42.719,9.579882812500001,-1.7513671875,1.11494140625,0.06103515625,-0.1220703125,0.18310546875,-59.952392578125,-77.9095458984375,20.181884765625,100.2922724426674
2025-05-29 21:41:42.754,9.555957031250001,-1.7657226562500001,1.10537109375,0.0,0.06103515625,-0.54931640625,-59.9798583984375,-77.9150390625,20.21484375,100.40104745286595
2025-05-29 21:41:42.790,9.5703125,-1.7465820312500002,1.129296875,-0.1220703125,-0.1220703125,0.06103515625,-59.908447265625,-77.926025390625,20.1544189453125,100.27291744219832
2025-05-29 21:41:42.858,9.5703125,-1.7705078125000002,1.11494140625,0.0,-0.18310546875,-0.18310546875,-59.94140625,-77.9315185546875,20.1983642578125,100.41235227497643
2025-05-29 21:41:42.893,9.58466796875,-1.7513671875,1.11494140625,-0.06103515625,-0.30517578125,0.1220703125,-59.96337890625,-77.93701171875,20.2313232421875,100.28731091730566
2025-05-29 21:41:42.926,9.527246093750001,-1.73701171875,1.0718750000000001,0.18310546875,-0.30517578125,0.3662109375,-60.0347900390625,-77.9425048828125,20.3192138671875,100.26930357766484
2025-05-29 21:41:42.994,9.555957031250001,-1.7657226562500001,1.1005859375,0.18310546875,0.9765625,-0.06103515625,-59.952392578125,-77.9150390625,20.2587890625,100.40162777921535
2025-05-29 21:41:43.030,9.56552734375,-1.7417968750000001,1.1101562500000002,-0.1220703125,-0.06103515625,0.244140625,-59.8919677734375,-77.9150390625,20.1983642578125,100.25263560781326
2025-05-29 21:41:43.063,9.5703125,-1.7705078125000002,1.1197265625000001,0.06103515625,0.67138671875,1.03759765625,-59.8974609375,-77.8765869140625,20.21484375,100.41176575886789
2025-05-29 21:41:43.148,9.56552734375,-1.7561523437500002,1.11494140625,0.0,0.1220703125,0.1220703125,-59.8974609375,-77.8546142578125,20.225830078125,100.3347409024601
2025-05-29 21:41:43.226,9.5703125,-1.7561523437500002,1.1197265625000001,0.06103515625,0.244140625,0.42724609375,-59.87548828125,-77.838134765625,20.21484375,100.32917045856335
2025-05-29 21:41:43.263,9.575097656250001,-1.7609375,1.1340820312500002,0.06103515625,0.0,-0.06103515625,-59.8370361328125,-77.838134765625,20.19287109375,100.34994906248869
2025-05-29 21:41:43.301,9.56552734375,-1.7561523437500002,1.1388671875,0.0,-0.30517578125,0.0,-59.8699951171875,-77.838134765625,20.2423095703125,100.33180238690343
2025-05-29 21:41:43.373,9.5607421875,-1.77529296875,1.10537109375,0.18310546875,-0.1220703125,0.1220703125,-59.94140625,-77.838134765625,20.3302001953125,100.45113110971351
2025-05-29 21:41:43.415,9.555957031250001,-1.7705078125000002,1.1197265625000001,0.06103515625,0.06103515625,0.0,-59.9249267578125,-77.8271484375,20.335693359375,100.42685701152254
2025-05-29 21:41:43.453,9.5703125,-1.7561523437500002,1.1101562500000002,0.244140625,-0.06103515625,0.06103515625,-59.9249267578125,-77.8326416015625,20.3466796875,100.33033219879249
2025-05-29 21:41:43.528,9.5607421875,-1.77529296875,1.1101562500000002,0.06103515625,-0.06103515625,0.06103515625,-59.91943359375,-77.8271484375,20.3631591796875,100.45054626073762
2025-05-29 21:41:43.565,9.5607421875,-1.77529296875,1.11494140625,0.06103515625,-0.06103515625,-0.18310546875,-59.9139404296875,-77.8326416015625,20.36865234375,100.4499589842372
2025-05-29 21:41:43.600,9.5607421875,-1.7609375,1.1101562500000002,0.0,-0.244140625,-0.06103515625,-59.9359130859375,-77.838134765625,20.3961181640625,100.36788038009726
2025-05-29 21:41:43.667,9.5703125,-1.7705078125000002,1.129296875,0.244140625,0.18310546875,0.244140625,-59.930419921875,-77.8271484375,20.401611328125,100.4105854916109
2025-05-29 21:41:43.700,9.5703125,-1.7657226562500001,1.1388671875,0.1220703125,-0.244140625,-0.30517578125,-59.886474609375,-77.838134765625,20.379638671875,100.38187465235053
2025-05-29 21:41:43.766,9.575097656250001,-1.7465820312500002,1.1197265625000001,0.1220703125,-0.06103515625,-0.3662109375,-59.8699951171875,-77.860107421875,20.379638671875,100.26912539772121
2025-05-29 21:41:43.800,9.551171875000001,-1.78486328125,1.1197265625000001,0.3662109375,-0.06103515625,0.0,-59.886474609375,-77.84912109375,20.4290771484375,100.51460096621673
2025-05-29 21:41:43.834,9.589453125,-1.77529296875,1.11494140625,0.06103515625,-0.91552734375,-0.54931640625,-59.9249267578125,-77.8765869140625,20.4840087890625,100.41976670744934
2025-05-29 21:41:43.904,9.527246093750001,-1.7417968750000001,1.07666015625,0.244140625,-0.18310546875,0.244140625,-59.9798583984375,-77.8985595703125,20.555419921875,100.29642575422673
2025-05-29 21:41:43.963,9.5703125,-1.7657226562500001,1.129296875,0.54931640625,0.91552734375,-0.244140625,-59.8260498046875,-77.8765869140625,20.4290771484375,100.38306155118947
2025-05-29 21:41:43.992,9.575097656250001,-1.7417968750000001,1.11494140625,0.0,-0.54931640625,-0.42724609375,-59.8150634765625,-77.8985595703125,20.4290771484375,100.24216384808547
2025-05-29 21:41:44.025,9.575097656250001,-1.7513671875,1.12451171875,0.30517578125,0.0,0.30517578125,-59.8260498046875,-77.89306640625,20.4620361328125,100.29607680076772
2025-05-29 21:41:44.087,9.575097656250001,-1.7609375,1.0958007812500001,0.1220703125,-0.9765625,-0.54931640625,-59.908447265625,-77.9150390625,20.5609130859375,100.35460110369058
2025-05-29 21:41:44.120,9.56552734375,-1.73701171875,1.1005859375,0.06103515625,-0.6103515625,-0.8544921875,-59.9249267578125,-77.9644775390625,20.58837890625,100.22620610597639
2025-05-29 21:41:44.149,9.579882812500001,-1.73701171875,1.1197265625000001,0.18310546875,-0.8544921875,-0.732421875,-59.91943359375,-77.9974365234375,20.599365234375,100.20911670348768
2025-05-29 21:41:44.209,9.579882812500001,-1.7513671875,1.10537109375,0.42724609375,-0.79345703125,-0.732421875,-59.9798583984375,-78.0303955078125,20.687255859375,100.29342310436736
2025-05-29 21:41:44.238,9.579882812500001,-1.72744140625,1.1005859375,0.3662109375,-1.0986328125,-0.91552734375,-59.996337890625,-78.079833984375,20.7366943359375,100.15631348454572
2025-05-29 21:41:44.301,9.5703125,-1.7130859375,1.07666015625,0.42724609375,-1.0986328125,-1.0986328125,-60.0567626953125,-78.134765625,20.8245849609375,100.0861590332207
2025-05-29 21:41:44.332,9.575097656250001,-1.7083007812500002,1.05751953125,0.48828125,-1.46484375,-0.67138671875,-60.106201171875,-78.1951904296875,20.9124755859375,100.05586614479584
2025-05-29 21:41:44.392,9.575097656250001,-1.7178710937500001,1.0479492187500001,0.18310546875,-0.67138671875,-0.9765625,-60.205078125,-78.24462890625,21.0443115234375,100.11211756288294
2025-05-29 21:41:44.430,9.58466796875,-1.6939453125000001,1.06708984375,0.18310546875,-1.220703125,-1.220703125,-60.216064453125,-78.2940673828125,21.0662841796875,99.96235811951647
2025-05-29 21:41:44.465,9.589453125,-1.67958984375,1.0623046875000002,0.30517578125,-1.0986328125,-1.3427734375,-60.2655029296875,-78.365478515625,21.1376953125,99.87535787017285
2025-05-29 21:41:44.530,9.579882812500001,-1.68916015625,1.0479492187500001,0.244140625,-1.46484375,-1.03759765625,-60.325927734375,-78.4259033203125,21.2255859375,99.94170411512884
2025-05-29 21:41:44.560,9.575097656250001,-1.67958984375,1.0383789062500002,0.18310546875,-1.3427734375,-1.52587890625,-60.3973388671875,-78.497314453125,21.3189697265625,99.89232103475108
2025-05-29 21:41:44.590,9.575097656250001,-1.6604492187500002,1.03359375,0.1220703125,-0.79345703125,-0.9765625,-60.4522705078125,-78.563232421875,21.3958740234375,99.78229069733709
2025-05-29 21:41:44.651,9.56552734375,-1.6604492187500002,1.0240234375000001,0.3662109375,-0.8544921875,-0.732421875,-60.4742431640625,-78.607177734375,21.4398193359375,99.79279931188698
2025-05-29 21:41:44.682,9.59423828125,-1.6508789062500002,1.0144531250000002,0.0,-0.8544921875,-0.9765625,-60.5181884765625,-78.651123046875,21.500244140625,99.71017675503641
2025-05-29 21:41:44.742,9.5416015625,-1.64130859375,1.0048828125,0.18310546875,0.0,0.1220703125,-60.5511474609375,-78.6785888671875,21.55517578125,99.70761688593139
2025-05-29 21:41:44.780,9.5607421875,-1.64130859375,0.9905273437500001,0.18310546875,0.48828125,0.9765625,-60.5511474609375,-78.6456298828125,21.566162109375,99.69023287962179
2025-05-29 21:41:44.812,9.589453125,-1.6508789062500002,1.00966796875,-0.06103515625,0.6103515625,0.67138671875,-60.523681640625,-78.6126708984375,21.5496826171875,99.7153736073847
2025-05-29 21:41:44.871,9.603808593750001,-1.67958984375,1.01923828125,0.0,0.79345703125,1.46484375,-60.501708984375,-78.5687255859375,21.533203125,99.86570610447342
2025-05-29 21:41:44.903,9.58466796875,-1.6700195312500001,1.0479492187500001,-0.1220703125,0.67138671875,0.48828125,-60.46875,-78.5137939453125,21.4892578125,99.82650496492968
2025-05-29 21:41:44.934,9.59423828125,-1.64130859375,1.0479492187500001,0.1220703125,0.18310546875,0.91552734375,-60.44677734375,-78.497314453125,21.478271484375,99.65143488763043
2025-05-29 21:41:44.995,9.5703125,-1.7226562500000002,1.0240234375000001,0.0,0.79345703125,1.220703125,-60.5126953125,-78.4423828125,21.5606689453125,100.14726469754451
2025-05-29 21:41:45.029,9.58466796875,-1.6748046875000002,1.06708984375,0.0,0.42724609375,0.732421875,-60.44677734375,-78.409423828125,21.4947509765625,99.85200709371469
2025-05-29 21:41:45.089,9.555957031250001,-1.7083007812500002,1.03359375,0.18310546875,1.15966796875,1.52587890625,-60.4742431640625,-78.3489990234375,21.5386962890625,100.07802925801128
2025-05-29 21:41:45.120,9.579882812500001,-1.67958984375,1.091015625,0.06103515625,1.220703125,1.03759765625,-60.3204345703125,-78.28857421875,21.3958740234375,99.88168884234567
2025-05-29 21:41:45.151,9.59423828125,-1.7130859375,1.0431640625,0.0,0.54931640625,1.953125,-60.3863525390625,-78.22265625,21.4727783203125,100.06558418513532
2025-05-29 21:41:45.214,9.56552734375,-1.73701171875,1.06708984375,-0.06103515625,1.220703125,0.6103515625,-60.3369140625,-78.15673828125,21.434326171875,100.23012831614297
2025-05-29 21:41:45.245,9.58466796875,-1.7083007812500002,1.07666015625,-0.1220703125,0.30517578125,1.3427734375,-60.3204345703125,-78.1182861328125,21.4178466796875,100.0439872573243
2025-05-29 21:41:45.307,9.56552734375,-1.7513671875,1.0862304687500002,0.0,1.3427734375,1.8310546875,-60.3424072265625,-78.0413818359375,21.4453125,100.31062353373001
2025-05-29 21:41:45.337,9.58466796875,-1.7322265625000002,1.091015625,-0.06103515625,0.244140625,0.6103515625,-60.2984619140625,-77.9974365234375,21.4068603515625,100.18006920807824
2025-05-29 21:41:45.368,9.5703125,-1.7657226562500001,1.0718750000000001,-0.06103515625,0.91552734375,0.0,-60.2764892578125,-77.9754638671875,21.390380859375,100.38998070382983
2025-05-29 21:41:45.431,9.5703125,-1.7322265625000002,1.10537109375,-0.06103515625,0.1220703125,0.30517578125,-60.172119140625,-77.969970703125,21.2860107421875,100.19313209817268
2025-05-29 21:41:45.491,9.5703125,-1.7705078125000002,1.1005859375,0.06103515625,0.54931640625,0.18310546875,-60.1666259765625,-77.947998046875,21.2969970703125,100.41409733828893
2025-05-29 21:41:45.523,9.579882812500001,-1.77529296875,1.1340820312500002,0.0,0.244140625,0.1220703125,-60.1007080078125,-77.93701171875,21.2310791015625,100.42745208818127
2025-05-29 21:41:45.555,9.527246093750001,-1.73701171875,1.091015625,0.18310546875,0.1220703125,0.79345703125,-60.0897216796875,-77.9315185546875,21.2420654296875,100.26704091654436
2025-05-29 21:41:45.617,9.555957031250001,-1.7705078125000002,1.10537109375,0.42724609375,1.708984375,1.5869140625,-60.0238037109375,-77.8546142578125,21.20361328125,100.42861695127783
2025-05-29 21:41:45.647,9.56552734375,-1.7657226562500001,1.1005859375,-0.06103515625,0.48828125,1.0986328125,-59.996337890625,-77.7996826171875,21.1871337890625,100.39158084530358
2025-05-29 21:41:45.677,9.589453125,-1.77529296875,1.1388671875,0.0,0.91552734375,1.03759765625,-59.94140625,-77.750244140625,21.1376953125,100.41681964373826
2025-05-29 21:41:45.736,9.5703125,-1.7896484375000001,1.129296875,0.06103515625,0.0,0.1220703125,-59.9468994140625,-77.728271484375,21.1541748046875,100.52063256338067
2025-05-29 21:41:45.768,9.5607421875,-1.7705078125000002,1.1436523437500001,0.06103515625,0.42724609375,0.18310546875,-59.908447265625,-77.7227783203125,21.126708984375,100.41884447766013
2025-05-29 21:41:45.799,9.5703125,-1.79921875,1.1436523437500001,0.3662109375,0.0,0.9765625,-59.930419921875,-77.6898193359375,21.170654296875,100.57381119199108
2025-05-29 21:41:45.861,9.555957031250001,-1.7896484375000001,1.1484375,-0.1220703125,0.1220703125,-0.6103515625,-59.87548828125,-77.7008056640625,21.126708984375,100.53344687762095
2025-05-29 21:41:45.920,9.56552734375,-1.7944335937500002,1.1340820312500002,0.244140625,-0.1220703125,0.42724609375,-59.8974609375,-77.6953125,21.170654296875,100.55261730149901
2025-05-29 21:41:45.950,9.54638671875,-1.7944335937500002,1.1388671875,0.06103515625,0.0,-0.06103515625,-59.87548828125,-77.6953125,21.1651611328125,100.57240322817971
2025-05-29 21:41:45.980,9.555957031250001,-1.7657226562500001,1.1436523437500001,0.244140625,-0.06103515625,0.42724609375,-59.886474609375,-77.6898193359375,21.1981201171875,100.39631782985917
2025-05-29 21:41:46.046,9.551171875000001,-1.79921875,1.12451171875,0.1220703125,0.0,0.0,-59.87548828125,-77.684326171875,21.2091064453125,100.59665935016143
2025-05-29 21:41:46.078,9.555957031250001,-1.7944335937500002,1.11494140625,0.0,-0.1220703125,0.0,-59.8919677734375,-77.684326171875,21.236572265625,100.5652053448115
2025-05-29 21:41:46.111,9.555957031250001,-1.78486328125,1.1388671875,0.0,0.244140625,-0.3662109375,-59.8260498046875,-77.6898193359375,21.1761474609375,100.50712432788
2025-05-29 21:41:46.171,9.555957031250001,-1.7896484375000001,1.1436523437500001,-0.06103515625,-0.30517578125,0.0,-59.8590087890625,-77.6953125,21.2200927734375,100.53405655448847
2025-05-29 21:41:46.202,9.5607421875,-1.78486328125,1.1484375,0.1220703125,0.06103515625,0.244140625,-59.8590087890625,-77.6898193359375,21.2310791015625,100.50084236947512
2025-05-29 21:41:46.232,9.551171875000001,-1.7944335937500002,1.1388671875,0.18310546875,0.0,-0.30517578125,-59.820556640625,-77.6898193359375,21.2091064453125,100.56729836212432
2025-05-29 21:41:46.299,9.54638671875,-1.7800781250000002,1.1197265625000001,0.0,-0.244140625,0.06103515625,-59.8370361328125,-77.6953125,21.24755859375,100.49210809697904
2025-05-29 21:41:46.359,9.54638671875,-1.8135742187500001,1.129296875,0.1220703125,-0.06103515625,0.0,-59.8699951171875,-77.684326171875,21.2969970703125,100.6838190883826
2025-05-29 21:41:46.389,9.551171875000001,-1.7896484375000001,1.1388671875,0.06103515625,-0.3662109375,-0.67138671875,-59.8590087890625,-77.6898193359375,21.2969970703125,100.53975113217392
2025-05-29 21:41:46.419,9.527246093750001,-1.7800781250000002,1.10537109375,0.30517578125,0.54931640625,0.67138671875,-59.8480224609375,-77.7008056640625,21.302490234375,100.51422149742747
2025-05-29 21:41:46.450,9.5607421875,-1.78486328125,1.1388671875,0.06103515625,0.67138671875,0.244140625,-59.7821044921875,-77.662353515625,21.2530517578125,100.50205448943609
2025-05-29 21:41:46.512,9.575097656250001,-1.7800781250000002,1.15322265625,0.0,0.1220703125,0.48828125,-59.74365234375,-77.6458740234375,21.2200927734375,100.457570679331
2025-05-29 21:41:46.578,9.5703125,-1.8087890625,1.1388671875,0.1220703125,0.244140625,0.42724609375,-59.7601318359375,-77.6239013671875,21.24755859375,100.62938728421163
2025-05-29 21:41:46.607,9.54638671875,-1.78486328125,1.1340820312500002,0.0,-0.30517578125,-0.1220703125,-59.7601318359375,-77.618408203125,21.258544921875,100.5178834676374
2025-05-29 21:41:46.638,9.555957031250001,-1.7944335937500002,1.1484375,0.244140625,0.244140625,0.42724609375,-59.765625,-77.618408203125,21.280517578125,100.56097838291667
2025-05-29 21:41:46.668,9.56552734375,-1.8183593750000002,1.1580078125000002,0.0,0.0,0.0,-59.7491455078125,-77.6019287109375,21.280517578125,100.68701176430352
2025-05-29 21:41:46.731,9.56552734375,-1.78486328125,1.1388671875,0.18310546875,-0.42724609375,0.244140625,-59.765625,-77.6129150390625,21.3079833984375,100.49698945088566
2025-05-29 21:41:46.761,9.5607421875,-1.8040039062500002,1.15322265625,0.244140625,0.18310546875,0.0,-59.7711181640625,-77.607421875,21.33544921875,100.61029201981876
2025-05-29 21:41:46.823,9.555957031250001,-1.78486328125,1.1484375,0.244140625,-0.30517578125,-0.1220703125,-59.74365234375,-77.6129150390625,21.33544921875,100.5059104516522
2025-05-29 21:41:46.855,9.5607421875,-1.7944335937500002,1.1388671875,0.42724609375,-0.30517578125,0.06103515625,-59.7601318359375,-77.618408203125,21.37939453125,100.55710313015952
2025-05-29 21:41:46.886,9.551171875000001,-1.8040039062500002,1.129296875,0.1220703125,-0.48828125,-0.48828125,-59.7821044921875,-77.62939453125,21.42333984375,100.6235959256999
2025-05-29 21:41:46.945,9.5607421875,-1.78486328125,1.12451171875,0.18310546875,-0.30517578125,-0.67138671875,-59.7711181640625,-77.662353515625,21.434326171875,100.50385442499537
2025-05-29 21:41:47.007,9.5607421875,-1.7896484375000001,1.12451171875,0.30517578125,-0.54931640625,-0.67138671875,-59.765625,-77.6898193359375,21.4453125,100.53138570668808
2025-05-29 21:41:47.039,9.5607421875,-1.7705078125000002,1.1436523437500001,0.244140625,-0.6103515625,-0.67138671875,-59.74365234375,-77.728271484375,21.434326171875,100.41884447766013
2025-05-29 21:41:47.071,9.5703125,-1.7609375,1.1484375,0.1220703125,-0.79345703125,-0.8544921875,-59.754638671875,-77.7667236328125,21.46728515625,100.35315540423203
2025-05-29 21:41:47.132,9.551171875000001,-1.77529296875,1.11494140625,0.3662109375,-0.732421875,-0.67138671875,-59.7930908203125,-77.80517578125,21.5277099609375,100.46006129191043
2025-05-29 21:41:47.164,9.56552734375,-1.7657226562500001,1.12451171875,0.18310546875,-0.79345703125,-0.6103515625,-59.8095703125,-77.838134765625,21.5716552734375,100.38866349520394
2025-05-29 21:41:47.196,9.579882812500001,-1.7513671875,1.11494140625,0.244140625,-0.6103515625,-0.8544921875,-59.842529296875,-77.8765869140625,21.6265869140625,100.2922724426674
2025-05-29 21:41:47.258,9.555957031250001,-1.7417968750000001,1.11494140625,0.244140625,-0.67138671875,-0.91552734375,-59.8260498046875,-77.9150390625,21.632080078125,100.261974030742
2025-05-29 21:41:47.291,9.575097656250001,-1.7465820312500002,1.1101562500000002,0.30517578125,-1.5869140625,-1.3427734375,-59.87548828125,-77.9754638671875,21.7034912109375,100.27027953826128
2025-05-29 21:41:47.323,9.551171875000001,-1.7513671875,1.0814453125,0.42724609375,-0.732421875,0.1220703125,-59.974365234375,-78.013916015625,21.8353271484375,100.32616097502635
2025-05-29 21:41:47.390,9.575097656250001,-1.7465820312500002,1.0814453125,0.42724609375,-0.30517578125,-1.3427734375,-60.00732421875,-78.035888671875,21.9012451171875,100.2736847859223
2025-05-29 21:41:47.421,9.589453125,-1.7178710937500001,1.1101562500000002,0.3662109375,-0.9765625,-0.732421875,-59.96337890625,-78.0908203125,21.8792724609375,100.09034023186177
2025-05-29 21:41:47.483,9.58466796875,-1.7417968750000001,1.07666015625,0.42724609375,-0.732421875,-0.48828125,-60.05126953125,-78.1182861328125,22.0001220703125,100.23680247939281
2025-05-29 21:41:47.515,9.56552734375,-1.7083007812500002,1.0814453125,0.244140625,-1.28173828125,-1.28173828125,-60.0732421875,-78.1732177734375,22.0440673828125,100.06287953512644
2025-05-29 21:41:47.580,9.575097656250001,-1.6939453125000001,1.0718750000000001,0.3662109375,-0.9765625,-1.28173828125,-60.106201171875,-78.24462890625,22.1099853515625,99.97145736447175
2025-05-29 21:41:47.612,9.575097656250001,-1.6987304687500002,1.07666015625,0.18310546875,-1.15966796875,-1.0986328125,-60.1446533203125,-78.299560546875,22.17041015625,99.998515169926
2025-05-29 21:41:47.643,9.579882812500001,-1.6939453125000001,1.06708984375,0.30517578125,-1.03759765625,-0.8544921875,-60.22705078125,-78.3544921875,22.2802734375,99.96717481073738
2025-05-29 21:41:47.703,9.579882812500001,-1.703515625,1.05751953125,0.42724609375,-0.8544921875,-0.79345703125,-60.2490234375,-78.3929443359375,22.335205078125,100.0234225515627
2025-05-29 21:41:47.735,9.56552734375,-1.6556640625,1.0431640625,0.3662109375,-0.8544921875,-0.91552734375,-60.260009765625,-78.4423828125,22.379150390625,99.76307546976774
2025-05-29 21:41:47.766,9.56552734375,-1.6748046875000002,1.01923828125,0.48828125,-0.79345703125,0.06103515625,-60.3369140625,-78.4698486328125,22.4835205078125,99.87631468005168
2025-05-29 21:41:47.830,9.54638671875,-1.68916015625,0.9953125,0.1220703125,-0.30517578125,-0.1220703125,-60.391845703125,-78.4808349609375,22.5604248046875,99.98118569538286
2025-05-29 21:41:47.863,9.54638671875,-1.6700195312500001,1.0144531250000002,0.0,0.3662109375,0.18310546875,-60.380859375,-78.475341796875,22.5494384765625,99.86830157879905
2025-05-29 21:41:47.924,9.579882812500001,-1.6748046875000002,1.0479492187500001,-0.06103515625,0.42724609375,0.18310546875,-60.3314208984375,-78.4588623046875,22.4945068359375,99.85887847601647
2025-05-29 21:41:47.956,9.603808593750001,-1.6843750000000002,1.052734375,-0.06103515625,0.0,0.79345703125,-60.3643798828125,-78.4368896484375,22.532958984375,99.88965288349243
2025-05-29 21:41:47.987,9.579882812500001,-1.6700195312500001,1.05751953125,0.06103515625,0.67138671875,0.79345703125,-60.3424072265625,-78.4039306640625,22.5164794921875,99.83021512249687
2025-05-29 21:41:48.057,9.5607421875,-1.6843750000000002,1.03359375,0.0,0.1220703125,0.6103515625,-60.35888671875,-78.37646484375,22.5439453125,99.93489536150007
2025-05-29 21:41:48.121,9.579882812500001,-1.68916015625,1.052734375,0.06103515625,0.79345703125,1.40380859375,-60.3369140625,-78.3270263671875,22.5274658203125,99.94117686791263
2025-05-29 21:41:48.152,9.5703125,-1.7226562500000002,1.0718750000000001,-0.30517578125,1.0986328125,1.220703125,-60.2984619140625,-78.2611083984375,22.489013671875,100.14189036637707
2025-05-29 21:41:48.184,9.551171875000001,-1.6987304687500002,1.0479492187500001,-0.06103515625,0.18310546875,1.15966796875,-60.3314208984375,-78.2281494140625,22.5274658203125,100.02599019494409
2025-05-29 21:41:48.215,9.56552734375,-1.7130859375,1.0623046875000002,0.0,2.0751953125,1.953125,-60.2490234375,-78.1292724609375,22.4505615234375,100.09267721293341
2025-05-29 21:41:48.279,9.589453125,-1.7322265625000002,1.091015625,-0.06103515625,1.28173828125,1.52587890625,-60.1556396484375,-78.046875,22.357177734375,100.17515906720134
2025-05-29 21:41:48.311,9.579882812500001,-1.7465820312500002,1.1005859375,0.0,1.3427734375,1.40380859375,-60.09521484375,-77.9754638671875,22.2967529296875,100.26646814413397
2025-05-29 21:41:48.373,9.5703125,-1.7657226562500001,1.1005859375,-0.18310546875,0.91552734375,0.8544921875,-60.0238037109375,-77.926025390625,22.225341796875,100.38656452404088
2025-05-29 21:41:48.405,9.5703125,-1.7226562500000002,1.1197265625000001,-0.18310546875,0.8544921875,1.15966796875,-59.974365234375,-77.8765869140625,22.1759033203125,100.13627975579737
2025-05-29 21:41:48.437,9.575097656250001,-1.78486328125,1.12451171875,0.0,0.9765625,1.52587890625,-59.9853515625,-77.80517578125,22.1978759765625,100.48866588603344
2025-05-29 21:41:48.500,9.579882812500001,-1.7800781250000002,1.12451171875,-0.06103515625,0.1220703125,0.8544921875,-59.9688720703125,-77.772216796875,22.1868896484375,100.45612711136492
2025-05-29 21:41:48.568,9.5703125,-1.7800781250000002,1.129296875,0.1220703125,0.54931640625,0.30517578125,-59.952392578125,-77.7447509765625,22.181396484375,100.4656187882742
2025-05-29 21:41:48.599,9.555957031250001,-1.7609375,1.129296875,0.0,0.30517578125,0.48828125,-59.8974609375,-77.728271484375,22.137451171875,100.37054262292624
2025-05-29 21:41:48.630,9.5607421875,-1.8087890625,1.1197265625000001,0.06103515625,0.1220703125,1.03759765625,-59.9359130859375,-77.6953125,22.1923828125,100.64206408624239
2025-05-29 21:41:48.693,9.551171875000001,-1.8087890625,1.1197265625000001,0.0,0.42724609375,0.3662109375,-59.96337890625,-77.6678466796875,22.2308349609375,100.65234236834299
2025-05-29 21:41:48.727,9.5607421875,-1.7896484375000001,1.129296875,0.0,0.18310546875,0.3662109375,-59.9359130859375,-77.6513671875,22.2088623046875,100.53078666734679
2025-05-29 21:41:48.759,9.5607421875,-1.78486328125,1.1436523437500001,0.0,0.30517578125,0.1220703125,-59.9139404296875,-77.640380859375,22.1978759765625,100.50144964489296
2025-05-29 21:41:48.822,9.5703125,-1.7944335937500002,1.1484375,-0.06103515625,-0.18310546875,0.79345703125,-59.930419921875,-77.6239013671875,22.2198486328125,100.54571252192375
2025-05-29 21:41:48.855,9.646875000000001,-1.6269531250000002,1.1388671875,-2.62451171875,-0.3662109375,4.39453125,-60.1446533203125,-77.574462890625,22.43408203125,99.50808560046093
2025-05-29 21:41:48.887,9.5607421875,-1.8422851562500002,1.091015625,-5.2490234375,0.67138671875,4.82177734375,-60.655517578125,-77.4261474609375,22.8515625,100.8381404202781
2025-05-29 21:41:48.951,9.575097656250001,-1.8279296875000002,1.17236328125,-4.08935546875,3.173828125,1.52587890625,-60.7708740234375,-77.2283935546875,22.65380859375,100.72973344676535
2025-05-29 21:41:48.983,9.532031250000001,-1.87099609375,1.1819335937500002,-1.28173828125,1.5869140625,-0.9765625,-60.6829833984375,-77.135009765625,22.4395751953125,101.02280367252787
2025-05-29 21:41:49.047,9.512890625,-1.8997070312500002,1.15322265625,-0.3662109375,-0.18310546875,-0.06103515625,-60.5731201171875,-77.1240234375,22.269287109375,101.21331129048781
2025-05-29 21:41:49.079,9.5224609375,-1.8757812500000002,1.15322265625,0.0,0.91552734375,1.708984375,-60.5841064453125,-77.091064453125,22.2802734375,101.06489959803339
2025-05-29 21:41:49.144,9.5416015625,-1.88056640625,1.1675781250000001,-1.0986328125,0.8544921875,0.8544921875,-60.567626953125,-77.0306396484375,22.2528076171875,101.06909193065304
2025-05-29 21:41:49.179,9.56552734375,-1.8614257812500001,1.18671875,-4.21142578125,1.64794921875,3.7841796875,-60.66650390625,-76.937255859375,22.2637939453125,100.93022581805245
2025-05-29 21:41:49.210,9.527246093750001,-1.9810546875000001,1.1771484375,-2.50244140625,1.0986328125,1.5869140625,-60.88623046875,-76.7999267578125,22.357177734375,101.66024154784
2025-05-29 21:41:49.271,9.49853515625,-1.97626953125,1.16279296875,-0.42724609375,-0.06103515625,0.30517578125,-60.963134765625,-76.761474609375,22.39013671875,101.668609325362
2025-05-29 21:41:49.305,9.532031250000001,-1.9379882812500002,1.20107421875,0.54931640625,0.30517578125,-0.42724609375,-60.8807373046875,-76.7669677734375,22.313232421875,101.4045613443753
2025-05-29 21:41:49.337,9.512890625,-1.97626953125,1.1915039062500001,0.54931640625,0.1220703125,-1.46484375,-60.7708740234375,-76.7889404296875,22.236328125,101.64756687128056
2025-05-29 21:41:49.403,9.51767578125,-1.9619140625000002,1.1819335937500002,1.40380859375,0.0,-1.8310546875,-60.57861328125,-76.8438720703125,22.0770263671875,101.56106537726538
2025-05-29 21:41:49.435,9.5224609375,-1.894921875,1.2058593750000002,2.38037109375,0.244140625,-3.23486328125,-60.1776123046875,-76.9317626953125,21.7474365234375,101.16763492667562
2025-05-29 21:41:49.498,9.508105468750001,-1.9236328125000002,1.17236328125,2.62451171875,-0.8544921875,-2.50244140625,-59.9359130859375,-77.025146484375,21.6046142578125,101.35369322760805
2025-05-29 21:41:49.531,9.5607421875,-1.8135742187500001,1.1915039062500001,2.685546875,-0.54931640625,-4.150390625,-59.5294189453125,-77.16796875,21.3079833984375,100.66025267233606
2025-05-29 21:41:49.563,9.7138671875,-1.8183593750000002,1.2872070312500001,5.79833984375,-5.18798828125,-47.05810546875,-57.249755859375,-78.1512451171875,19.13818359375,100.51278995758055
2025-05-29 21:41:49.625,9.670800781250001,-1.7465820312500002,1.07666015625,0.30517578125,-5.18798828125,-32.71484375,-53.8275146484375,-79.43115234375,15.7379150390625,100.17592856410455
2025-05-29 21:41:49.688,9.68515625,-1.3972656250000002,1.129296875,0.67138671875,0.54931640625,-0.6103515625,-51.712646484375,-79.8870849609375,13.524169921875,98.15485165213742
2025-05-29 21:41:49.720,9.646875000000001,-1.29677734375,1.16279296875,2.62451171875,0.30517578125,0.54931640625,-51.690673828125,-79.837646484375,13.51318359375,97.6016950649556
2025-05-29 21:41:49.751,9.622949218750001,-1.33984375,1.15322265625,4.82177734375,-0.3662109375,-2.197265625,-51.5313720703125,-79.8541259765625,13.480224609375,97.87096698836906
2025-05-29 21:41:49.784,9.7138671875,-1.512109375,1.244140625,9.033203125,2.685546875,2.44140625,-51.1248779296875,-79.8431396484375,13.3209228515625,98.77736845095149
2025-05-29 21:41:49.850,9.646875000000001,-1.24892578125,1.18671875,6.591796875,3.41796875,0.48828125,-50.548095703125,-79.7113037109375,13.0023193359375,97.32213712038019
2025-05-29 21:41:49.882,9.627734375000001,-1.1962890625,1.17236328125,3.2958984375,-0.42724609375,-2.3193359375,-50.152587890625,-79.716796875,12.76611328125,97.03154051074739
2025-05-29 21:41:49.944,9.61337890625,-1.2154296875000001,1.1675781250000001,3.72314453125,-1.28173828125,-1.953125,-49.7845458984375,-79.82666015625,12.557373046875,97.15371604277307
2025-05-29 21:41:49.975,9.6373046875,-1.2728515625,1.1580078125000002,4.82177734375,-0.18310546875,-0.48828125,-49.647216796875,-79.8541259765625,12.6177978515625,97.4706956510986
2025-05-29 21:41:50.007,9.6564453125,-1.22021484375,1.1962890625,4.39453125,-0.42724609375,-2.50244140625,-49.1473388671875,-79.925537109375,12.32666015625,97.14781110369826
2025-05-29 21:41:50.076,9.6564453125,-1.2297851562500002,1.1819335937500002,3.11279296875,-1.953125,1.3427734375,-49.2901611328125,-79.95849609375,12.6397705078125,97.20457119621318
2025-05-29 21:41:50.138,9.66123046875,-1.1962890625,1.1819335937500002,1.953125,-1.3427734375,-0.42724609375,-49.32861328125,-80.00244140625,12.821044921875,97.00693027631027
2025-05-29 21:41:50.169,9.646875000000001,-1.20107421875,1.16279296875,1.40380859375,-1.3427734375,-1.220703125,-49.3450927734375,-80.068359375,12.952880859375,97.04654508805812
2025-05-29 21:41:50.200,9.6564453125,-1.21064453125,1.1580078125000002,1.46484375,-1.0986328125,-0.42724609375,-49.3505859375,-80.1177978515625,13.0682373046875,97.09566660565046
2025-05-29 21:41:50.261,9.64208984375,-1.1962890625,1.1675781250000001,0.6103515625,-1.5869140625,-1.220703125,-49.37255859375,-80.1837158203125,13.172607421875,97.02173991663508
2025-05-29 21:41:50.297,9.666015625,-1.1915039062500001,1.1436523437500001,0.42724609375,-1.3427734375,-0.3662109375,-49.5098876953125,-80.244140625,13.38134765625,96.979053423824
2025-05-29 21:41:50.329,9.61337890625,-1.1962890625,1.10537109375,-0.48828125,5.2490234375,2.50244140625,-49.2352294921875,-80.1507568359375,13.150634765625,97.04746054466392
2025-05-29 21:41:50.391,9.64208984375,-1.1915039062500001,1.15322265625,0.06103515625,0.244140625,0.732421875,-49.2242431640625,-80.17822265625,13.1890869140625,96.99515481345043
2025-05-29 21:41:50.422,9.589453125,-1.091015625,1.06708984375,-1.0986328125,1.953125,2.38037109375,-49.273681640625,-80.0738525390625,13.2550048828125,96.45129119818199
2025-05-29 21:41:50.454,9.646875000000001,-1.2345703125,1.1388671875,-0.30517578125,-1.0986328125,0.3662109375,-49.5208740234375,-80.1068115234375,13.5406494140625,97.24309452477588
2025-05-29 21:41:50.518,9.579882812500001,-1.091015625,1.0958007812500001,-0.9765625,0.3662109375,-0.3662109375,-49.779052734375,-79.947509765625,13.798828125,96.45546466342888
2025-05-29 21:41:50.553,9.599023437500001,-1.1771484375,1.1197265625000001,-0.42724609375,0.42724609375,2.38037109375,-50.0042724609375,-79.9310302734375,14.08447265625,96.94476902037538
2025-05-29 21:41:50.616,9.651660156250001,-1.2297851562500002,1.17236328125,0.3662109375,-1.8310546875,-0.67138671875,-50.0811767578125,-80.013427734375,14.227294921875,97.20890330105686
2025-05-29 21:41:50.648,9.56552734375,-1.16279296875,1.0718750000000001,-0.54931640625,2.5634765625,4.39453125,-50.2239990234375,-79.9420166015625,14.4140625,96.88822055140746
2025-05-29 21:41:50.710,9.627734375000001,-1.2393554687500001,1.1436523437500001,-0.06103515625,-0.732421875,-0.91552734375,-50.2130126953125,-80.0299072265625,14.4635009765625,97.2845527136627
2025-05-29 21:41:50.746,9.61337890625,-1.2345703125,1.1388671875,-0.3662109375,-0.732421875,0.06103515625,-50.218505859375,-80.068359375,14.5074462890625,97.26771743547484
2025-05-29 21:41:50.778,9.603808593750001,-1.244140625,1.12451171875,-0.42724609375,-0.9765625,-0.244140625,-50.3558349609375,-80.0958251953125,14.677734375,97.33182530191623
2025-05-29 21:41:50.845,9.589453125,-1.244140625,1.11494140625,-0.42724609375,0.8544921875,0.91552734375,-50.4107666015625,-80.101318359375,14.754638671875,97.34336922536724
2025-05-29 21:41:50.877,9.6181640625,-1.244140625,1.1340820312500002,-0.6103515625,1.0986328125,0.18310546875,-50.3558349609375,-80.0518798828125,14.7161865234375,97.32031267098732
2025-05-29 21:41:50.907,9.64208984375,-1.25849609375,1.1436523437500001,-0.3662109375,1.15966796875,0.9765625,-50.25146484375,-80.013427734375,14.622802734375,97.38508092077593
2025-05-29 21:41:50.968,9.64208984375,-1.2537109375000002,1.15322265625,-0.732421875,1.03759765625,0.6103515625,-50.1800537109375,-79.9639892578125,14.556884765625,97.35646082978603
2025-05-29 21:41:51.000,9.63251953125,-1.2393554687500001,1.1675781250000001,-0.48828125,0.91552734375,0.54931640625,-50.1361083984375,-79.925537109375,14.5074462890625,97.27890695608806
2025-05-29 21:41:51.064,9.6373046875,-1.2728515625,1.18671875,-0.3662109375,0.8544921875,1.0986328125,-50.086669921875,-79.881591796875,14.4744873046875,97.4680582856513
2025-05-29 21:41:51.096,9.622949218750001,-1.282421875,1.1675781250000001,-0.244140625,0.30517578125,0.8544921875,-50.1470947265625,-79.837646484375,14.5623779296875,97.53628260020437
2025-05-29 21:41:51.128,9.63251953125,-1.29677734375,1.17236328125,-0.1220703125,0.8544921875,1.220703125,-50.20751953125,-79.7991943359375,14.644775390625,97.61183763919443
2025-05-29 21:41:51.191,9.622949218750001,-1.2919921875,1.18671875,-0.06103515625,1.3427734375,0.54931640625,-50.174560546875,-79.7442626953125,14.6337890625,97.59007137050595
2025-05-29 21:41:51.252,9.6181640625,-1.2728515625,1.20107421875,-0.30517578125,0.9765625,1.77001953125,-50.0701904296875,-79.69482421875,14.5458984375,97.48118208934217
2025-05-29 21:41:51.286,9.63251953125,-1.3254882812500002,1.1915039062500001,-0.244140625,1.3427734375,1.89208984375,-50.1690673828125,-79.60693359375,14.6722412109375,97.77647899937952
2025-05-29 21:41:51.319,9.6181640625,-1.33984375,1.1915039062500001,-0.3662109375,1.52587890625,-0.18310546875,-50.0811767578125,-79.5465087890625,14.600830078125,97.87106267089158
2025-05-29 21:41:51.351,9.63251953125,-1.3111328125000001,1.22021484375,-0.06103515625,1.64794921875,-0.48828125,-49.7845458984375,-79.51904296875,14.2987060546875,97.69047930331449
2025-05-29 21:41:51.417,9.6373046875,-1.3015625000000002,1.24892578125,-0.42724609375,1.15966796875,-0.30517578125,-49.4879150390625,-79.4970703125,14.007568359375,97.62849072767128
2025-05-29 21:41:51.449,9.64208984375,-1.29677734375,1.25849609375,-0.244140625,0.8544921875,0.6103515625,-49.339599609375,-79.4696044921875,13.8592529296875,97.59615394675659
2025-05-29 21:41:51.512,9.627734375000001,-1.3302734375,1.25849609375,-0.18310546875,0.67138671875,0.54931640625,-49.2901611328125,-79.43115234375,13.831787109375,97.80126499759045
2025-05-29 21:41:51.547,9.627734375000001,-1.29677734375,1.25849609375,-0.3662109375,0.48828125,0.06103515625,-49.21875,-79.4146728515625,13.77685546875,97.60715976642032
2025-05-29 21:41:51.609,9.622949218750001,-1.3350585937500001,1.2537109375000002,-0.3662109375,0.244140625,1.28173828125,-49.2791748046875,-79.38720703125,13.8592529296875,97.83325355603405
2025-05-29 21:41:51.641,9.64208984375,-1.320703125,1.2728515625,-2.3193359375,0.30517578125,0.0,-49.3231201171875,-79.3597412109375,13.88671875,97.73315509855063
2025-05-29 21:41:51.703,9.68515625,-1.4068359375000001,1.30634765625,-1.0986328125,-2.685546875,-5.18798828125,-48.922119140625,-79.5025634765625,13.4307861328125,98.19164464005111
2025-05-29 21:41:51.734,9.651660156250001,-1.378125,1.22021484375,-1.52587890625,1.89208984375,-0.54931640625,-48.71337890625,-79.5684814453125,13.2000732421875,98.06279935379646
2025-05-29 21:41:51.765,9.627734375000001,-1.2776367187500002,1.25849609375,0.8544921875,1.40380859375,-0.42724609375,-48.3782958984375,-79.530029296875,12.864990234375,97.49616328672442
2025-05-29 21:41:51.833,9.651660156250001,-1.2537109375000002,1.2728515625,0.48828125,0.67138671875,-0.3662109375,-48.1365966796875,-79.51904296875,12.65625,97.33820901677652
2025-05-29 21:41:51.866,9.6373046875,-1.25849609375,1.26806640625,0.244140625,0.0,0.0,-48.0706787109375,-79.5135498046875,12.6177978515625,97.37704520840768
2025-05-29 21:41:51.930,9.63251953125,-1.2632812500000001,1.2728515625,0.18310546875,0.06103515625,0.0,-48.043212890625,-79.51904296875,12.623291015625,97.40788799215105
2025-05-29 21:41:51.962,9.627734375000001,-1.2728515625,1.282421875,-0.06103515625,0.0,0.0,-47.999267578125,-79.5135498046875,12.6068115234375,97.46602565404244
2025-05-29 21:41:51.995,9.627734375000001,-1.2632812500000001,1.2776367187500002,-0.48828125,-0.54931640625,0.18310546875,-48.0596923828125,-79.5245361328125,12.689208984375,97.41099223293018
2025-05-29 21:41:52.027,9.627734375000001,-1.2728515625,1.26806640625,-0.42724609375,0.30517578125,0.0,-48.0596923828125,-79.5245361328125,12.7001953125,97.46745854047643
2025-05-29 21:41:52.101,9.61337890625,-1.2728515625,1.2632812500000001,-0.244140625,-0.18310546875,-0.06103515625,-48.043212890625,-79.5245361328125,12.711181640625,97.47877131398147
2025-05-29 21:41:52.134,9.627734375000001,-1.25849609375,1.2728515625,-0.244140625,0.0,0.06103515625,-48.0487060546875,-79.530029296875,12.733154296875,97.38370302456849
2025-05-29 21:41:52.198,9.63251953125,-1.282421875,1.244140625,0.0,-0.18310546875,-0.06103515625,-48.0377197265625,-79.530029296875,12.7606201171875,97.52170040554333
2025-05-29 21:41:52.231,9.6181640625,-1.26806640625,1.2537109375000002,0.18310546875,0.06103515625,0.1220703125,-48.0377197265625,-79.5355224609375,12.7880859375,97.44831162100292
2025-05-29 21:41:52.298,9.627734375000001,-1.25849609375,1.26806640625,0.0,-0.30517578125,0.0,-48.0267333984375,-79.5355224609375,12.81005859375,97.38417376335705
2025-05-29 21:41:52.332,9.627734375000001,-1.26806640625,1.26806640625,-0.18310546875,-0.30517578125,0.0,-48.0596923828125,-79.552001953125,12.8759765625,97.43970045654571
2025-05-29 21:41:52.364,9.63251953125,-1.2776367187500002,1.26806640625,-0.18310546875,-0.3662109375,0.0,-48.0926513671875,-79.56298828125,12.930908203125,97.49159472096804
2025-05-29 21:41:52.426,9.60859375,-1.2728515625,1.2537109375000002,-0.06103515625,-0.42724609375,0.0,-48.109130859375,-79.573974609375,12.974853515625,97.483339889256
2025-05-29 21:41:52.459,9.6373046875,-1.26806640625,1.2728515625,-0.18310546875,0.06103515625,0.0,-48.087158203125,-79.573974609375,12.974853515625,97.43204667395183
2025-05-29 21:41:52.494,9.60859375,-1.2872070312500001,1.2537109375000002,-0.1220703125,-0.1220703125,0.0,-48.0816650390625,-79.5794677734375,12.996826171875,97.566765891067
2025-05-29 21:41:52.564,9.603808593750001,-1.26806640625,1.2393554687500001,0.0,-0.48828125,0.18310546875,-48.1201171875,-79.5904541015625,13.0517578125,97.46054282843636
2025-05-29 21:41:52.596,9.6181640625,-1.26806640625,1.24892578125,0.244140625,1.5869140625,-0.30517578125,-47.8839111328125,-79.56298828125,12.843017578125,97.44878038851719
2025-05-29 21:41:52.658,9.64208984375,-1.244140625,1.26806640625,-0.06103515625,0.48828125,-0.1220703125,-47.724609375,-79.552001953125,12.6947021484375,97.29028780760706
2025-05-29 21:41:52.689,9.63251953125,-1.1197265625000001,1.2776367187500002,0.244140625,-0.67138671875,-1.64794921875,-47.5927734375,-79.5794677734375,12.5958251953125,96.5734947661495
2025-05-29 21:41:52.722,9.651660156250001,-1.2776367187500002,1.2632812500000001,0.0,-0.06103515625,-0.06103515625,-47.6641845703125,-79.595947265625,12.711181640625,97.47762808929018
2025-05-29 21:41:52.789,9.6373046875,-1.24892578125,1.26806640625,0.18310546875,-0.54931640625,0.30517578125,-47.757568359375,-79.6014404296875,12.8485107421875,97.32155700429989
2025-05-29 21:41:52.855,9.627734375000001,-1.282421875,1.26806640625,0.42724609375,-0.3662109375,0.54931640625,-47.867431640625,-79.595947265625,13.0078125,97.52296412120482
2025-05-29 21:41:52.887,9.63251953125,-1.2776367187500002,1.25849609375,0.18310546875,-0.8544921875,-0.42724609375,-47.9168701171875,-79.617919921875,13.1011962890625,97.49254353253338
2025-05-29 21:41:52.918,9.64208984375,-1.26806640625,1.2393554687500001,0.67138671875,-0.54931640625,-0.1220703125,-47.9608154296875,-79.6453857421875,13.194580078125,97.43173150592501
2025-05-29 21:41:52.980,9.6181640625,-1.24892578125,1.25849609375,0.244140625,-0.91552734375,-0.42724609375,-47.9058837890625,-79.6673583984375,13.1890869140625,97.3366549677571
2025-05-29 21:41:53.011,9.6373046875,-1.24892578125,1.2393554687500001,0.6103515625,-0.6103515625,-0.54931640625,-47.92236328125,-79.705810546875,13.2440185546875,97.32431751819507
2025-05-29 21:41:53.044,9.64208984375,-1.2632812500000001,1.225,0.54931640625,-1.220703125,-0.3662109375,-47.9278564453125,-79.73876953125,13.2989501953125,97.40536977620987
2025-05-29 21:41:53.105,9.63251953125,-1.2297851562500002,1.2154296875000001,0.67138671875,-0.54931640625,-1.03759765625,-47.9168701171875,-79.793701171875,13.33740234375,97.21897087446285
2025-05-29 21:41:53.136,9.627734375000001,-1.2393554687500001,1.2297851562500002,0.67138671875,-1.28173828125,-1.28173828125,-47.8729248046875,-79.837646484375,13.33740234375,97.27672931280381
2025-05-29 21:41:53.168,9.651660156250001,-1.2154296875000001,1.2297851562500002,0.6103515625,-1.28173828125,-0.48828125,-47.8729248046875,-79.903564453125,13.3758544921875,97.12048289970814
2025-05-29 21:41:53.235,9.64208984375,-1.2345703125,1.22021484375,0.732421875,-1.03759765625,-1.220703125,-47.900390625,-79.95849609375,13.458251953125,97.23931519792885
2025-05-29 21:41:53.301,9.63251953125,-1.2154296875000001,1.20107421875,0.67138671875,-1.89208984375,-1.40380859375,-47.8619384765625,-80.0299072265625,13.4747314453125,97.13687623085292
2025-05-29 21:41:53.333,9.64208984375,-1.20107421875,1.1962890625,0.732421875,-1.953125,-0.244140625,-47.96630859375,-80.1068115234375,13.6285400390625,97.04703575411067
2025-05-29 21:41:53.365,9.627734375000001,-1.21064453125,1.17236328125,0.48828125,-1.52587890625,-0.18310546875,-48.1365966796875,-80.1617431640625,13.86474609375,97.11505924716907
2025-05-29 21:41:53.429,9.6181640625,-1.2154296875000001,1.1580078125000002,0.54931640625,-1.28173828125,-0.06103515625,-48.31787109375,-80.211181640625,14.0899658203125,97.15108400459329
2025-05-29 21:41:53.462,9.60859375,-1.1580078125000002,1.15322265625,0.18310546875,1.03759765625,0.0,-48.416748046875,-80.2001953125,14.227294921875,96.82352215999893
2025-05-29 21:41:53.494,9.6373046875,-1.18671875,1.17236328125,0.42724609375,-0.48828125,-0.1220703125,-48.33984375,-80.2001953125,14.183349609375,96.96908551829763
2025-05-29 21:41:53.560,9.6564453125,-1.21064453125,1.16279296875,0.48828125,-0.30517578125,1.15966796875,-48.427734375,-80.1947021484375,14.315185546875,97.0952543429598
2025-05-29 21:41:53.593,9.6564453125,-1.2297851562500002,1.1675781250000001,0.0,-0.30517578125,0.0,-48.5321044921875,-80.189208984375,14.4525146484375,97.20584179315514
2025-05-29 21:41:53.626,9.64208984375,-1.1819335937500002,1.17236328125,0.1220703125,-1.15966796875,0.6103515625,-48.6639404296875,-80.2056884765625,14.61181640625,96.93789756051554
2025-05-29 21:41:53.694,9.6373046875,-1.225,1.1675781250000001,0.244140625,-0.3662109375,0.54931640625,-48.8726806640625,-80.2056884765625,14.8590087890625,97.19199991446837
2025-05-29 21:41:53.726,9.6181640625,-1.1819335937500002,1.1436523437500001,-0.244140625,0.1220703125,0.79345703125,-49.0045166015625,-80.2056884765625,15.0238037109375,96.95717739154959
2025-05-29 21:41:53.791,9.61337890625,-1.225,1.1436523437500001,0.54931640625,-0.30517578125,0.3662109375,-49.119873046875,-80.2056884765625,15.1776123046875,97.21155821180679
2025-05-29 21:41:53.825,9.60859375,-1.2297851562500002,1.129296875,0.48828125,-0.3662109375,0.48828125,-49.1583251953125,-80.2001953125,15.27099609375,97.24419620266855
2025-05-29 21:41:53.859,9.61337890625,-1.2345703125,1.12451171875,-0.1220703125,0.8544921875,1.03759765625,-49.19677734375,-80.17822265625,15.3314208984375,97.26896419042937
2025-05-29 21:41:53.925,9.63251953125,-1.2632812500000001,1.15322265625,-0.18310546875,0.9765625,0.6103515625,-49.1802978515625,-80.123291015625,15.3204345703125,97.4191741949397
2025-05-29 21:41:53.957,9.622949218750001,-1.2154296875000001,1.1675781250000001,-0.244140625,0.67138671875,0.18310546875,-49.075927734375,-80.0958251953125,15.2105712890625,97.14677726022256
2025-05-29 21:41:54.020,9.622949218750001,-1.2154296875000001,1.1819335937500002,-0.3662109375,0.6103515625,0.8544921875,-49.0594482421875,-80.068359375,15.1885986328125,97.1455082002514
2025-05-29 21:41:54.054,9.646875000000001,-1.24892578125,1.17236328125,0.06103515625,0.48828125,1.40380859375,-49.1473388671875,-80.0189208984375,15.2874755859375,97.32343564070837
2025-05-29 21:41:54.087,9.63251953125,-1.2872070312500001,1.18671875,0.0,1.28173828125,1.46484375,-49.207763671875,-79.9530029296875,15.369873046875,97.55497040086482
2025-05-29 21:41:54.154,9.622949218750001,-1.2872070312500001,1.2154296875000001,-0.06103515625,0.91552734375,0.54931640625,-49.141845703125,-79.8980712890625,15.3094482421875,97.55954557236139
2025-05-29 21:41:54.188,9.622949218750001,-1.2632812500000001,1.1915039062500001,-0.30517578125,0.48828125,0.8544921875,-49.1473388671875,-79.8651123046875,15.3314208984375,97.42286104181444
2025-05-29 21:41:54.254,9.66123046875,-1.2872070312500001,1.18671875,-0.42724609375,1.03759765625,1.28173828125,-49.185791015625,-79.8046875,15.3643798828125,97.53310735663467
2025-05-29 21:41:54.287,9.603808593750001,-1.26806640625,1.1675781250000001,-0.48828125,0.0,0.06103515625,-49.1912841796875,-79.7991943359375,15.3643798828125,97.46734747788906
2025-05-29 21:41:54.322,9.64208984375,-1.29677734375,1.1819335937500002,-0.06103515625,1.89208984375,0.18310546875,-49.1143798828125,-79.7552490234375,15.281982421875,97.60358248402265
2025-05-29 21:41:54.385,9.6373046875,-1.2872070312500001,1.2345703125,-0.30517578125,0.79345703125,0.30517578125,-48.9111328125,-79.716796875,15.0732421875,97.5467358995424
2025-05-29 21:41:54.451,9.6373046875,-1.3015625000000002,1.2345703125,-0.244140625,1.46484375,-0.18310546875,-48.75732421875,-79.6893310546875,14.908447265625,97.62991411174814
2025-05-29 21:41:54.482,9.63251953125,-1.2728515625,1.24892578125,0.0,1.03759765625,-0.244140625,-48.4881591796875,-79.661865234375,14.6392822265625,97.46573720507092
2025-05-29 21:41:54.516,9.68515625,-1.2776367187500002,1.25849609375,0.06103515625,1.0986328125,0.0,-48.328857421875,-79.639892578125,14.4854736328125,97.45295248510304
2025-05-29 21:41:54.582,9.675585937500001,-1.3015625000000002,1.25849609375,0.1220703125,-0.244140625,0.42724609375,-48.2958984375,-79.6234130859375,14.468994140625,97.59820534188597
2025-05-29 21:41:54.618,9.66123046875,-1.25849609375,1.26806640625,0.06103515625,-1.220703125,0.3662109375,-48.438720703125,-79.639892578125,14.6337890625,97.35928303767291
2025-05-29 21:41:54.652,9.64208984375,-1.2919921875,1.244140625,0.79345703125,-1.0986328125,-0.79345703125,-48.5430908203125,-79.6783447265625,14.78759765625,97.56987095872807
2025-05-29 21:41:54.716,9.575097656250001,-1.2872070312500001,1.2345703125,0.67138671875,-0.54931640625,-0.67138671875,-48.4661865234375,-79.7222900390625,14.7601318359375,97.59440480112612
2025-05-29 21:41:54.748,9.579882812500001,-1.2632812500000001,1.225,0.6103515625,-0.1220703125,-0.06103515625,-48.4002685546875,-79.73876953125,14.7381591796875,97.45215525820146
2025-05-29 21:41:54.780,9.61337890625,-1.30634765625,1.1962890625,1.708984375,0.244140625,1.28173828125,-48.5101318359375,-79.69482421875,14.91943359375,97.67991856522657
2025-05-29 21:41:54.847,9.63251953125,-1.2919921875,1.2058593750000002,2.25830078125,0.06103515625,1.708984375,-48.6419677734375,-79.6453857421875,15.150146484375,97.58090839836935
2025-05-29 21:41:54.910,9.627734375000001,-1.25849609375,1.24892578125,1.28173828125,0.0,-0.3662109375,-48.5321044921875,-79.65087890625,15.106201171875,97.38603987379513
2025-05-29 21:41:54.942,9.646875000000001,-1.320703125,1.25849609375,8.544921875,-2.685546875,2.62451171875,-48.834228515625,-79.65087890625,15.66650390625,97.73089619715142
2025-05-29 21:41:54.975,9.646875000000001,-1.320703125,1.1771484375,10.19287109375,-2.0751953125,6.04248046875,-49.4989013671875,-79.5849609375,16.8255615234375,97.73890277152363
2025-05-29 21:41:55.038,9.575097656250001,-1.33984375,1.2345703125,3.5400390625,-0.8544921875,1.64794921875,-49.6087646484375,-79.541015625,17.1661376953125,97.90111008997906
2025-05-29 21:41:55.077,9.603808593750001,-1.1962890625,1.3015625000000002,0.67138671875,1.03759765625,-1.89208984375,-49.5703125,-79.552001953125,17.1990966796875,97.03674490379463
2025-05-29 21:41:55.110,9.6181640625,-1.35419921875,1.2058593750000002,-1.0986328125,-0.42724609375,0.244140625,-49.4110107421875,-79.5794677734375,17.05078125,97.95288348656433
2025-05-29 21:41:55.173,9.599023437500001,-1.30634765625,1.22021484375,-0.79345703125,0.0,-1.708984375,-49.229736328125,-79.6234130859375,16.842041015625,97.68874659903892
2025-05-29 21:41:55.207,9.6564453125,-1.2872070312500001,1.24892578125,0.244140625,-0.48828125,-2.8076171875,-49.0374755859375,-79.639892578125,16.644287109375,97.53078691660627
2025-05-29 21:41:55.239,9.6564453125,-1.31591796875,1.225,-1.220703125,0.0,-0.48828125,-48.944091796875,-79.7003173828125,16.5509033203125,97.69914286741127
2025-05-29 21:41:55.306,9.646875000000001,-1.39248046875,1.20107421875,-0.8544921875,0.0,-0.244140625,-48.8836669921875,-79.7222900390625,16.446533203125,98.1515600658293
2025-05-29 21:41:55.340,9.627734375000001,-1.2728515625,1.2345703125,-0.79345703125,0.06103515625,0.3662109375,-48.8232421875,-79.716796875,16.3421630859375,97.47074232352996
2025-05-29 21:41:55.404,9.6373046875,-1.2728515625,1.244140625,-0.6103515625,-0.48828125,0.48828125,-48.8836669921875,-79.7113037109375,16.380615234375,97.46259867762339
2025-05-29 21:41:55.437,9.6181640625,-1.1340820312500002,1.22021484375,-0.6103515625,-2.99072265625,-1.220703125,-49.119873046875,-79.727783203125,16.6168212890625,96.67173311776261
2025-05-29 21:41:55.469,9.63251953125,-1.34462890625,1.18671875,-0.244140625,-0.8544921875,0.6103515625,-49.4659423828125,-79.8046875,17.0068359375,97.8878417015315
2025-05-29 21:41:55.537,9.646875000000001,-1.33984375,1.1962890625,0.06103515625,-0.8544921875,0.30517578125,-49.6527099609375,-79.8046875,17.215576171875,97.84780874988796
2025-05-29 21:41:55.571,9.60859375,-1.2728515625,1.20107421875,-0.30517578125,-0.54931640625,-0.06103515625,-49.713134765625,-79.815673828125,17.29248046875,97.4884356594565
2025-05-29 21:41:55.637,9.6181640625,-1.31591796875,1.1915039062500001,2.0751953125,-1.708984375,-0.244140625,-49.8724365234375,-79.837646484375,17.4957275390625,97.73222347362275
2025-05-29 21:41:55.670,9.64208984375,-1.2345703125,1.1388671875,5.79833984375,-4.7607421875,-0.30517578125,-50.064697265625,-79.9639892578125,17.962646484375,97.246601990172
2025-05-29 21:41:55.701,9.6564453125,-1.26806640625,1.1197265625000001,0.79345703125,-0.54931640625,-1.03759765625,-50.284423828125,-80.0628662109375,18.3526611328125,97.43193271026318
2025-05-29 21:41:55.766,9.651660156250001,-1.25849609375,1.1580078125000002,-0.3662109375,0.18310546875,-1.77001953125,-50.09765625,-80.101318359375,18.1878662109375,97.3766633357188
2025-05-29 21:41:55.799,9.622949218750001,-1.2728515625,1.17236328125,1.52587890625,-0.9765625,-0.6103515625,-49.9163818359375,-80.145263671875,18.028564453125,97.48024038432327
2025-05-29 21:41:55.864,9.6564453125,-1.2345703125,1.12451171875,2.197265625,-1.89208984375,-0.1220703125,-50.064697265625,-80.2056884765625,18.30322265625,97.23732019004322
2025-05-29 21:41:55.896,9.64208984375,-1.24892578125,1.129296875,0.3662109375,-0.48828125,-0.18310546875,-50.152587890625,-80.233154296875,18.4625244140625,97.33078849686406
2025-05-29 21:41:55.928,9.651660156250001,-1.26806640625,1.12451171875,-0.3662109375,-0.06103515625,-0.3662109375,-50.1580810546875,-80.244140625,18.4844970703125,97.43510963031555
2025-05-29 21:41:55.995,9.61337890625,-1.2393554687500001,1.0958007812500001,0.1220703125,-0.06103515625,1.40380859375,-50.20751953125,-80.244140625,18.5394287109375,97.2992925068064
2025-05-29 21:41:56.061,9.63251953125,-1.2728515625,1.12451171875,0.0,1.46484375,-0.1220703125,-50.1690673828125,-80.1947021484375,18.5174560546875,97.47731570780961
2025-05-29 21:41:56.093,9.6564453125,-1.225,1.1580078125000002,-0.06103515625,0.18310546875,0.18310546875,-49.9932861328125,-80.17822265625,18.336181640625,97.17893216773801
2025-05-29 21:41:56.126,9.6564453125,-1.24892578125,1.1436523437500001,0.06103515625,0.3662109375,0.54931640625,-49.9822998046875,-80.1617431640625,18.336181640625,97.3189047963158
2025-05-29 21:41:56.190,9.6373046875,-1.2632812500000001,1.129296875,-0.1220703125,-0.06103515625,0.06103515625,-50.0372314453125,-80.145263671875,18.402099609375,97.41770919949613
2025-05-29 21:41:56.222,9.66123046875,-1.2393554687500001,1.1484375,-0.30517578125,0.3662109375,0.54931640625,-50.0482177734375,-80.1397705078125,18.4185791015625,97.2594963780685
2025-05-29 21:41:56.254,9.646875000000001,-1.282421875,1.15322265625,-0.244140625,0.3662109375,0.54931640625,-50.09765625,-80.1068115234375,18.4735107421875,97.51938404449328
2025-05-29 21:41:56.320,9.646875000000001,-1.244140625,1.15322265625,-1.03759765625,0.54931640625,-0.1220703125,-49.998779296875,-80.0958251953125,18.3526611328125,97.29738088411051
2025-05-29 21:41:56.354,9.646875000000001,-1.25849609375,1.1484375,-0.6103515625,1.0986328125,0.91552734375,-49.94384765625,-80.0628662109375,18.2757568359375,97.38108413459823
2025-05-29 21:41:56.386,9.622949218750001,-1.2776367187500002,1.15322265625,-0.244140625,1.15966796875,0.9765625,-49.954833984375,-79.9969482421875,18.2867431640625,97.50979984913282
2025-05-29 21:41:56.452,9.651660156250001,-1.24892578125,1.1340820312500002,2.01416015625,1.28173828125,3.11279296875,-50.0921630859375,-79.8980712890625,18.47900390625,97.32328020330233
2025-05-29 21:41:56.519,9.60859375,-1.41640625,1.18671875,2.5634765625,4.57763671875,3.23486328125,-50.1470947265625,-79.7882080078125,18.6932373046875,98.32325605052445
2025-05-29 21:41:56.553,9.61337890625,-1.25849609375,1.2537109375000002,-0.244140625,-1.0986328125,-0.732421875,-49.8504638671875,-79.7662353515625,18.4075927734375,97.39630032086805
2025-05-29 21:41:56.588,9.61337890625,-1.282421875,1.1675781250000001,-0.42724609375,0.3662109375,0.79345703125,-50.086669921875,-79.771728515625,18.6328125,97.54359100922393
2025-05-29 21:41:56.651,9.627734375000001,-1.34462890625,1.1819335937500002,-0.06103515625,0.3662109375,0.732421875,-50.11962890625,-79.727783203125,18.6822509765625,97.8921241202889
2025-05-29 21:41:56.684,9.646875000000001,-1.3302734375,1.2058593750000002,-0.42724609375,0.54931640625,0.3662109375,-50.152587890625,-79.7003173828125,18.709716796875,97.79150799391235
2025-05-29 21:41:56.716,9.6181640625,-1.282421875,1.225,0.0,-0.18310546875,0.6103515625,-50.108642578125,-79.6893310546875,18.6767578125,97.53448693262392
2025-05-29 21:41:56.780,9.627734375000001,-1.34462890625,1.1819335937500002,-0.1220703125,-0.6103515625,0.244140625,-50.328369140625,-79.6783447265625,18.91845703125,97.8921241202889
2025-05-29 21:41:56.814,9.589453125,-1.34462890625,1.1580078125000002,0.06103515625,0.67138671875,0.91552734375,-50.3558349609375,-79.661865234375,18.96240234375,97.92511225728266
2025-05-29 21:41:56.847,9.622949218750001,-1.3254882812500002,1.2058593750000002,0.1220703125,1.15966796875,0.18310546875,-50.1800537109375,-79.6234130859375,18.797607421875,97.78259610474176
2025-05-29 21:41:56.915,9.646875000000001,-1.31591796875,1.22021484375,0.0,0.54931640625,0.732421875,-50.1416015625,-79.5904541015625,18.7646484375,97.70704056521167
2025-05-29 21:41:56.948,9.63251953125,-1.36376953125,1.20107421875,0.06103515625,0.244140625,0.9765625,-50.25146484375,-79.5465087890625,18.8909912109375,97.99724478623025
2025-05-29 21:41:57.011,9.6181640625,-1.31591796875,1.21064453125,-0.1220703125,0.0,0.0,-50.2130126953125,-79.5465087890625,18.8580322265625,97.73035456344783
2025-05-29 21:41:57.045,9.627734375000001,-1.35419921875,1.22021484375,0.06103515625,0.48828125,-0.1220703125,-50.1580810546875,-79.5355224609375,18.8140869140625,97.94374923898069
2025-05-29 21:41:57.080,9.6181640625,-1.35419921875,1.225,0.0,-0.18310546875,0.18310546875,-50.1470947265625,-79.5355224609375,18.819580078125,97.95094036017191
2025-05-29 21:41:57.144,9.63251953125,-1.3302734375,1.2297851562500002,0.0,0.0,0.244140625,-50.1580810546875,-79.530029296875,18.8470458984375,97.80041831989303
2025-05-29 21:41:57.177,9.622949218750001,-1.35419921875,1.22021484375,0.18310546875,0.1220703125,0.42724609375,-50.1910400390625,-79.5135498046875,18.9019775390625,97.94758722958191
2025-05-29 21:41:57.241,9.627734375000001,-1.3254882812500002,1.22021484375,0.18310546875,-0.06103515625,-0.18310546875,-50.1416015625,-79.51904296875,18.8800048828125,97.7774136223772
2025-05-29 21:41:57.274,9.63251953125,-1.33984375,1.2154296875000001,0.42724609375,-0.06103515625,-0.1220703125,-50.1361083984375,-79.51904296875,18.896484375,97.85728251558592
2025-05-29 21:41:57.341,9.61337890625,-1.3589843750000001,1.2058593750000002,0.18310546875,-0.30517578125,0.1220703125,-50.1580810546875,-79.5245361328125,18.9404296875,97.98448459670698
2025-05-29 21:41:57.377,9.64208984375,-1.3302734375,1.22021484375,0.06103515625,-0.30517578125,-0.30517578125,-50.1031494140625,-79.541015625,18.9019775390625,97.79384887353632
2025-05-29 21:41:57.409,9.63251953125,-1.34462890625,1.2154296875000001,0.3662109375,-0.1220703125,-0.91552734375,-50.086669921875,-79.56298828125,18.9019775390625,97.8849918865108
2025-05-29 21:41:57.472,9.627734375000001,-1.3254882812500002,1.225,0.3662109375,-0.79345703125,-0.6103515625,-49.9932861328125,-79.595947265625,18.8360595703125,97.77693646503732
2025-05-29 21:41:57.505,9.622949218750001,-1.3302734375,1.21064453125,0.54931640625,-0.732421875,-0.79345703125,-49.921875,-79.65087890625,18.7921142578125,97.80987182517788
2025-05-29 21:41:57.537,9.63251953125,-1.3254882812500002,1.21064453125,0.3662109375,-0.79345703125,-0.54931640625,-49.8834228515625,-79.683837890625,18.78662109375,97.77460516672066
2025-05-29 21:41:57.605,9.603808593750001,-1.2872070312500001,1.1771484375,0.3662109375,-0.91552734375,0.0,-49.9163818359375,-79.727783203125,18.8470458984375,97.57786378521557
2025-05-29 21:41:57.677,9.63251953125,-1.29677734375,1.1962890625,0.732421875,0.67138671875,0.0,-49.954833984375,-79.727783203125,18.91845703125,97.60957484380943
2025-05-29 21:41:57.714,9.6373046875,-1.2919921875,1.2154296875000001,0.67138671875,-0.67138671875,0.18310546875,-49.8834228515625,-79.716796875,18.8909912109375,97.57632571036633
2025-05-29 21:41:57.747,9.6373046875,-1.320703125,1.18671875,0.54931640625,-0.732421875,0.48828125,-50.0042724609375,-79.727783203125,19.061279296875,97.7454649618702
2025-05-29 21:41:57.812,9.64208984375,-1.36376953125,1.1675781250000001,0.91552734375,-1.64794921875,0.67138671875,-50.1416015625,-79.7442626953125,19.2864990234375,97.99284515754664
2025-05-29 21:41:57.851,9.63251953125,-1.2872070312500001,1.18671875,0.54931640625,-1.5869140625,-0.91552734375,-50.240478515625,-79.8046875,19.423828125,97.55497040086482
2025-05-29 21:41:57.883,9.63251953125,-1.2919921875,1.1819335937500002,0.244140625,-1.28173828125,-1.52587890625,-50.2734375,-79.87060546875,19.48974609375,97.58318054132292
2025-05-29 21:41:57.947,9.64208984375,-1.2919921875,1.1580078125000002,0.6103515625,-2.25830078125,-0.54931640625,-50.372314453125,-79.947509765625,19.6160888671875,97.5780735902374
2025-05-29 21:41:57.980,9.646875000000001,-1.2776367187500002,1.1675781250000001,0.6103515625,-1.3427734375,0.0,-50.5096435546875,-80.0079345703125,19.79736328125,97.49033917814235
2025-05-29 21:41:58.011,9.627734375000001,-1.2919921875,1.12451171875,0.732421875,-1.89208984375,-0.18310546875,-50.767822265625,-80.04638671875,20.10498046875,97.59213323345435
2025-05-29 21:41:58.077,9.61337890625,-1.2058593750000002,1.0958007812500001,-0.244140625,-1.8310546875,6.28662109375,-51.339111328125,-80.0299072265625,20.7147216796875,97.10405753026437
2025-05-29 21:41:58.142,9.627734375000001,-1.3302734375,1.091015625,0.79345703125,-2.44140625,0.42724609375,-51.7071533203125,-80.035400390625,21.1431884765625,97.81739502617066
2025-05-29 21:41:58.174,9.63251953125,-1.3015625000000002,1.0862304687500002,0.48828125,-1.220703125,-0.244140625,-51.9158935546875,-80.0958251953125,21.4068603515625,97.64740512348037
2025-05-29 21:41:58.206,9.6373046875,-1.2776367187500002,1.11494140625,0.42724609375,-1.52587890625,0.06103515625,-52.03125,-80.1287841796875,21.5771484375,97.50231584603902
2025-05-29 21:41:58.269,9.59423828125,-1.1675781250000001,1.0718750000000001,-0.67138671875,0.0,3.2958984375,-52.745361328125,-80.0518798828125,22.313232421875,96.89604864623843
2025-05-29 21:41:58.306,9.6181640625,-1.3685546875,1.091015625,0.48828125,-1.5869140625,0.0,-52.9705810546875,-80.057373046875,22.576904296875,98.04724968801106
2025-05-29 21:41:58.342,9.599023437500001,-1.3015625000000002,1.0814453125,0.30517578125,-1.40380859375,-0.42724609375,-53.06396484375,-80.1123046875,22.708740234375,97.67386215506123
2025-05-29 21:41:58.375,9.61337890625,-1.3350585937500001,1.0479492187500001,0.30517578125,-0.79345703125,0.06103515625,-53.1903076171875,-80.13427734375,22.87353515625,97.86040773121584
2025-05-29 21:41:58.407,9.56552734375,-1.3350585937500001,1.02880859375,0.06103515625,0.79345703125,0.8544921875,-53.26171875,-80.1287841796875,22.9669189453125,97.90044949086692
2025-05-29 21:41:58.440,9.622949218750001,-1.3254882812500002,1.06708984375,0.0,1.46484375,0.6103515625,-53.1463623046875,-80.068359375,22.8515625,97.79551783883227
2025-05-29 21:41:58.472,9.666015625,-1.3111328125000001,1.1005859375,0.06103515625,1.0986328125,1.03759765625,-53.031005859375,-80.0189208984375,22.730712890625,97.67566012112916
2025-05-29 21:41:58.504,9.646875000000001,-1.35419921875,1.0862304687500002,0.06103515625,0.732421875,1.0986328125,-53.0364990234375,-79.95849609375,22.7471923828125,97.9412565247851
2025-05-29 21:41:58.537,9.6181640625,-1.33984375,1.0814453125,-0.06103515625,0.3662109375,0.42724609375,-53.031005859375,-79.925537109375,22.7471923828125,97.8814331370494
2025-05-29 21:41:58.573,9.627734375000001,-1.3494140625000002,1.10537109375,0.06103515625,0.67138671875,1.28173828125,-53.02001953125,-79.892578125,22.74169921875,97.92714098035229
2025-05-29 21:41:58.605,9.622949218750001,-1.39248046875,1.1005859375,-0.1220703125,0.42724609375,1.64794921875,-53.1463623046875,-79.8321533203125,22.87353515625,98.18117830918666
2025-05-29 21:41:58.637,9.627734375000001,-1.3685546875,1.1197265625000001,0.0,1.52587890625,-0.18310546875,-53.009033203125,-79.793701171875,22.7362060546875,98.03677443667473
2025-05-29 21:41:58.670,9.627734375000001,-1.3494140625000002,1.1340820312500002,0.06103515625,1.15966796875,-0.30517578125,-52.75634765625,-79.7662353515625,22.4835205078125,97.92446326786062
2025-05-29 21:41:58.703,9.60859375,-1.35419921875,1.1340820312500002,0.0,0.79345703125,0.67138671875,-52.635498046875,-79.73876953125,22.3626708984375,97.96762850103198
2025-05-29 21:41:58.733,9.6181640625,-1.3876953125,1.11494140625,-0.06103515625,1.0986328125,1.3427734375,-52.6190185546875,-79.683837890625,22.3516845703125,98.15602792142205
2025-05-29 21:41:58.768,9.60859375,-1.39248046875,1.1197265625000001,-0.3662109375,1.40380859375,0.244140625,-52.49267578125,-79.6343994140625,22.2088623046875,98.19124396671306
2025-05-29 21:41:58.803,9.627734375000001,-1.3685546875,1.1436523437500001,-0.30517578125,1.5869140625,1.40380859375,-52.3883056640625,-79.5684814453125,22.08251953125,98.03448938946345
2025-05-29 21:41:58.837,9.627734375000001,-1.3733398437500002,1.17236328125,-0.30517578125,1.64794921875,0.54931640625,-52.2454833984375,-79.5025634765625,21.9232177734375,98.05940070683813
2025-05-29 21:41:58.869,9.622949218750001,-1.39248046875,1.1819335937500002,-0.30517578125,0.67138671875,0.67138671875,-52.1905517578125,-79.4586181640625,21.8572998046875,98.17320331561396
2025-05-29 21:41:58.902,9.64208984375,-1.39248046875,1.20107421875,0.0,0.8544921875,0.54931640625,-52.09716796875,-79.4256591796875,21.763916015625,98.1554901304996
2025-05-29 21:41:58.934,9.63251953125,-1.41640625,1.18671875,-0.1220703125,0.244140625,0.48828125,-52.0916748046875,-79.398193359375,21.763916015625,98.30317602566495
2025-05-29 21:41:58.966,9.575097656250001,-1.3876953125,1.16279296875,-0.06103515625,0.3662109375,0.732421875,-52.108154296875,-79.3817138671875,21.785888671875,98.18699713436722
2025-05-29 21:41:58.999,9.599023437500001,-1.4068359375000001,1.1819335937500002,0.06103515625,2.13623046875,0.67138671875,-51.9708251953125,-79.3048095703125,21.654052734375,98.27629893982576
2025-05-29 21:41:59.031,9.622949218750001,-1.41640625,1.21064453125,-0.1220703125,1.220703125,1.0986328125,-51.8719482421875,-79.2388916015625,21.5496826171875,98.30869762440929
2025-05-29 21:41:59.064,9.63251953125,-1.435546875,1.21064453125,0.06103515625,0.9765625,1.0986328125,-51.8389892578125,-79.178466796875,21.522216796875,98.41126146607381
2025-05-29 21:41:59.095,9.622949218750001,-1.41162109375,1.2154296875000001,-0.1220703125,0.48828125,-0.06103515625,-51.74560546875,-79.1619873046875,21.434326171875,98.28051375761085
2025-05-29 21:41:59.132,9.60859375,-1.4211914062500002,1.21064453125,-0.1220703125,0.48828125,0.30517578125,-51.7401123046875,-79.1455078125,21.42333984375,98.3484613066523
2025-05-29 21:41:59.167,9.622949218750001,-1.4259765625,1.244140625,0.0,0.54931640625,0.1220703125,-51.6522216796875,-79.12353515625,21.346435546875,98.36044435295507
2025-05-29 21:41:59.199,9.6181640625,-1.4307617187500001,1.2345703125,0.0,0.06103515625,-0.48828125,-51.5972900390625,-79.1290283203125,21.29150390625,98.39319052864506
2025-05-29 21:41:59.235,9.60859375,-1.435546875,1.2297851562500002,0.1220703125,0.1220703125,0.3662109375,-51.602783203125,-79.1180419921875,21.3134765625,98.42951424794514
2025-05-29 21:41:59.270,9.603808593750001,-1.4068359375000001,1.244140625,0.0,0.06103515625,-0.244140625,-51.5313720703125,-79.12353515625,21.2530517578125,98.26572618549577
2025-05-29 21:41:59.304,9.599023437500001,-1.44033203125,1.225,0.1220703125,-0.1220703125,0.732421875,-51.646728515625,-79.1015625,21.3848876953125,98.46590584346518
2025-05-29 21:41:59.337,9.603808593750001,-1.4546875000000001,1.2058593750000002,0.1220703125,0.0,0.30517578125,-51.6632080078125,-79.0960693359375,21.4178466796875,98.54700359826138
2025-05-29 21:41:59.371,9.61337890625,-1.41162109375,1.2297851562500002,0.0,0.0,0.244140625,-51.591796875,-79.0960693359375,21.3519287109375,98.28698749631394
2025-05-29 21:41:59.403,9.60859375,-1.4259765625,1.2345703125,0.0,0.06103515625,-0.18310546875,-51.5972900390625,-79.090576171875,21.3629150390625,98.373598319368
2025-05-29 21:41:59.435,9.599023437500001,-1.4259765625,1.24892578125,0.0,-0.1220703125,0.0,-51.536865234375,-79.0960693359375,21.3134765625,98.38012241965264
2025-05-29 21:41:59.468,9.63251953125,-1.41640625,1.24892578125,0.1220703125,-0.18310546875,0.244140625,-51.5753173828125,-79.1015625,21.3629150390625,98.29659896621536
2025-05-29 21:41:59.501,9.59423828125,-1.4451171875000002,1.2345703125,0.0,-0.18310546875,0.48828125,-51.6412353515625,-79.0850830078125,21.456298828125,98.49667634715422
2025-05-29 21:41:59.534,9.589453125,-1.435546875,1.21064453125,0.06103515625,-0.91552734375,-0.30517578125,-51.734619140625,-79.090576171875,21.5606689453125,98.44790984845233
2025-05-29 21:41:59.568,9.5703125,-1.44990234375,1.1915039062500001,0.3662109375,1.15966796875,0.91552734375,-51.7620849609375,-79.090576171875,21.6156005859375,98.54977911492276
2025-05-29 21:41:59.602,9.6181640625,-1.41640625,1.244140625,0.0,0.732421875,-0.6103515625,-51.56982421875,-79.0521240234375,21.434326171875,98.30912642477332
2025-05-29 21:41:59.634,9.6181640625,-1.435546875,1.2393554687500001,0.06103515625,0.244140625,0.91552734375,-51.5093994140625,-79.0411376953125,21.3739013671875,98.42033715033484
2025-05-29 21:41:59.665,9.6181640625,-1.4451171875000002,1.2345703125,0.06103515625,0.0,0.8544921875,-51.580810546875,-79.0081787109375,21.456298828125,98.47618575846573
2025-05-29 21:41:59.701,9.603808593750001,-1.4259765625,1.244140625,-0.244140625,-0.30517578125,1.15966796875,-51.6961669921875,-78.9862060546875,21.5826416015625,98.3765998712735
2025-05-29 21:41:59.734,9.59423828125,-1.48818359375,1.24892578125,0.06103515625,-0.06103515625,0.54931640625,-51.9158935546875,-78.94775390625,21.81884765625,98.74438881689825
2025-05-29 21:41:59.767,9.599023437500001,-1.4833984375,1.2393554687500001,0.0,-0.244140625,0.0,-51.943359375,-78.9422607421875,21.86279296875,98.7135872856687
2025-05-29 21:41:59.798,9.61337890625,-1.4307617187500001,1.244140625,0.18310546875,0.30517578125,-0.1220703125,-51.8829345703125,-78.9532470703125,21.81884765625,98.39619704519599
2025-05-29 21:41:59.833,9.603808593750001,-1.4546875000000001,1.24892578125,0.0,-0.1220703125,0.54931640625,-51.8719482421875,-78.936767578125,21.829833984375,98.54225646315399
2025-05-29 21:41:59.866,9.599023437500001,-1.44990234375,1.2345703125,0.0,-0.18310546875,0.244140625,-51.954345703125,-78.9312744140625,21.9287109375,98.52027944611825
2025-05-29 21:41:59.899,9.61337890625,-1.4642578125,1.2345703125,0.18310546875,-0.1220703125,0.6103515625,-51.998291015625,-78.9202880859375,21.9891357421875,98.59093240086459
2025-05-29 21:41:59.946,9.59423828125,-1.4929687500000002,1.2297851562500002,0.0,-0.1220703125,-0.18310546875,-52.0477294921875,-78.914794921875,22.060546875,98.7742584083301
2025-05-29 21:41:59.993,9.61337890625,-1.45947265625,1.2345703125,0.1220703125,-0.244140625,0.0,-52.03125,-78.92578125,22.0550537109375,98.56327434328905
2025-05-29 21:42:00.032,9.60859375,-1.4690429687500002,1.2345703125,0.18310546875,-0.3662109375,-0.30517578125,-52.0367431640625,-78.9312744140625,22.071533203125,98.62274540812535
2025-05-29 21:42:00.072,9.6181640625,-1.44990234375,1.2632812500000001,0.1220703125,-0.42724609375,-0.30517578125,-52.0257568359375,-78.9532470703125,22.071533203125,98.50064932239216
2025-05-29 21:42:00.111,9.599023437500001,-1.45947265625,1.2345703125,0.18310546875,-0.732421875,-1.0986328125,-52.0367431640625,-78.9862060546875,22.1099853515625,98.57568541806286
2025-05-29 21:42:00.146,9.589453125,-1.45947265625,1.22021484375,0.42724609375,-0.42724609375,-0.54931640625,-52.0037841796875,-79.0191650390625,22.1044921875,98.58557343819355
2025-05-29 21:42:00.192,9.622949218750001,-1.45947265625,1.22021484375,0.18310546875,-1.0986328125,0.0,-52.0477294921875,-79.0411376953125,22.17041015625,98.55659811452885
2025-05-29 21:42:00.233,9.575097656250001,-1.44990234375,1.18671875,0.244140625,-0.3662109375,0.0,-52.14111328125,-79.0740966796875,22.2857666015625,98.54614828426463
2025-05-29 21:42:00.283,9.6181640625,-1.44033203125,1.21064453125,0.48828125,0.06103515625,-1.0986328125,-52.0751953125,-79.0850830078125,22.236328125,98.4511160717076
2025-05-29 21:42:00.319,9.63251953125,-1.41162109375,1.225,0.30517578125,-0.6103515625,-0.3662109375,-52.00927734375,-79.1180419921875,22.1868896484375,98.27151736199217
2025-05-29 21:42:00.353,9.6181640625,-1.45947265625,1.21064453125,0.30517578125,-1.03759765625,-0.06103515625,-52.130126953125,-79.134521484375,22.335205078125,98.5617695190919
2025-05-29 21:42:00.385,9.6181640625,-1.4259765625,1.2058593750000002,0.244140625,-1.28173828125,-1.3427734375,-52.152099609375,-79.189453125,22.3846435546875,98.3685918379106
2025-05-29 21:42:00.418,9.61337890625,-1.41162109375,1.20107421875,0.30517578125,-1.52587890625,-0.732421875,-52.2454833984375,-79.25537109375,22.5,98.290025142758
2025-05-29 21:42:00.451,9.622949218750001,-1.4211914062500002,1.1771484375,0.30517578125,-1.8310546875,-0.3662109375,-52.3992919921875,-79.3157958984375,22.6922607421875,98.3398701794882
2025-05-29 21:42:00.484,9.622949218750001,-1.39248046875,1.1771484375,0.18310546875,-1.5869140625,-0.91552734375,-52.525634765625,-79.3817138671875,22.8350830078125,98.17368750275018
2025-05-29 21:42:00.517,9.6373046875,-1.4211914062500002,1.1819335937500002,0.67138671875,-1.708984375,-0.244140625,-52.7398681640625,-79.4256591796875,23.09326171875,98.32731025613423
2025-05-29 21:42:00.550,9.60859375,-1.4068359375000001,1.1484375,0.48828125,-1.52587890625,-0.9765625,-52.877197265625,-79.4805908203125,23.280029296875,98.27168856522042
2025-05-29 21:42:00.586,9.61337890625,-1.3829101562500001,1.129296875,0.54931640625,-1.953125,-0.54931640625,-53.009033203125,-79.5465087890625,23.455810546875,98.13083941918391
2025-05-29 21:42:00.619,9.6181640625,-1.40205078125,1.1101562500000002,0.42724609375,-1.77001953125,-0.48828125,-53.2232666015625,-79.6014404296875,23.7139892578125,98.2397095451732
2025-05-29 21:42:00.655,9.61337890625,-1.39248046875,1.1005859375,0.06103515625,-1.52587890625,-0.8544921875,-53.382568359375,-79.661865234375,23.895263671875,98.18910853629542
2025-05-29 21:42:00.689,9.63251953125,-1.33984375,1.11494140625,0.18310546875,-1.40380859375,-0.244140625,-53.514404296875,-79.716796875,24.049072265625,97.86693822841802
2025-05-29 21:42:00.722,9.63251953125,-1.3829101562500001,1.1101562500000002,0.6103515625,-1.77001953125,0.244140625,-53.8165283203125,-79.749755859375,24.3951416015625,98.11693958455947
2025-05-29 21:42:00.755,9.622949218750001,-1.3972656250000002,1.0814453125,0.42724609375,-1.5869140625,-0.732421875,-53.98681640625,-79.8046875,24.609375,98.21071281092128
2025-05-29 21:42:00.789,9.6181640625,-1.36376953125,1.0862304687500002,0.30517578125,-1.3427734375,-0.6103515625,-54.0966796875,-79.859619140625,24.7412109375,98.01991920619251
2025-05-29 21:42:00.823,9.59423828125,-1.3685546875,1.052734375,0.48828125,-0.91552734375,-0.30517578125,-54.195556640625,-79.8980712890625,24.8785400390625,98.07030687410357
2025-05-29 21:42:00.861,9.59423828125,-1.3829101562500001,1.02880859375,0.244140625,-0.67138671875,0.0,-54.327392578125,-79.9090576171875,25.0323486328125,98.15597896502072
2025-05-29 21:42:00.903,9.579882812500001,-1.36376953125,1.052734375,0.06103515625,1.220703125,0.91552734375,-54.2724609375,-79.87060546875,24.98291015625,98.05421065061094
2025-05-29 21:42:00.937,9.627734375000001,-1.3589843750000001,1.0718750000000001,0.0,0.8544921875,0.9765625,-54.217529296875,-79.815673828125,24.9334716796875,97.98570086521521
2025-05-29 21:42:00.969,9.651660156250001,-1.378125,1.0862304687500002,0.0,1.40380859375,-0.18310546875,-54.0252685546875,-79.78271484375,24.7412109375,98.07582097200186
2025-05-29 21:42:01.002,9.627734375000001,-1.3685546875,1.07666015625,-0.1220703125,0.3662109375,0.6103515625,-53.9703369140625,-79.7607421875,24.6807861328125,98.04077046272387
2025-05-29 21:42:01.036,9.60859375,-1.3685546875,1.091015625,-0.18310546875,0.91552734375,0.42724609375,-53.9373779296875,-79.7332763671875,24.642333984375,98.05505909796427
2025-05-29 21:42:01.070,9.63251953125,-1.41640625,1.1101562500000002,-0.06103515625,0.6103515625,1.40380859375,-53.96484375,-79.6728515625,24.6697998046875,98.31082931765066
2025-05-29 21:42:01.106,9.622949218750001,-1.40205078125,1.1005859375,-0.3662109375,0.42724609375,0.8544921875,-53.98681640625,-79.639892578125,24.686279296875,98.23663744104716
2025-05-29 21:42:01.141,9.63251953125,-1.4068359375000001,1.1005859375,0.0,0.244140625,1.708984375,-54.0911865234375,-79.5794677734375,24.8016357421875,98.25636785065173
2025-05-29 21:42:01.174,9.61337890625,-1.39248046875,1.1101562500000002,-0.30517578125,0.67138671875,1.46484375,-54.20654296875,-79.5355224609375,24.9224853515625,98.18819597893093
2025-05-29 21:42:01.207,9.61337890625,-1.4451171875000002,1.10537109375,-0.244140625,0.48828125,2.62451171875,-54.38232421875,-79.453125,25.1092529296875,98.49375522354438
2025-05-29 21:42:01.240,9.589453125,-1.4259765625,1.12451171875,-2.99072265625,0.06103515625,3.90625,-54.6954345703125,-79.3597412109375,25.4168701171875,98.40131482930069
2025-05-29 21:42:01.272,9.66123046875,-1.3015625000000002,1.24892578125,-10.009765625,3.11279296875,-9.70458984375,-54.9700927734375,-79.376220703125,25.4608154296875,97.61012788915953
2025-05-29 21:42:01.306,9.603808593750001,-1.7083007812500002,1.0431640625,-10.7421875,0.3662109375,-5.859375,-54.283447265625,-79.5355224609375,24.3511962890625,100.02835505398744
2025-05-29 21:42:01.343,9.63251953125,-1.68916015625,0.9905273437500001,-3.72314453125,-2.13623046875,-0.244140625,-54.7503662109375,-79.6124267578125,24.4775390625,99.89512641368071
2025-05-29 21:42:01.377,9.627734375000001,-1.3350585937500001,1.091015625,0.30517578125,-0.48828125,1.0986328125,-55.2337646484375,-79.595947265625,24.8291015625,97.8451656154447
2025-05-29 21:42:01.411,9.66123046875,-1.56953125,1.052734375,4.0283203125,-1.8310546875,-10.31494140625,-53.909912109375,-79.903564453125,23.5491943359375,99.17409560285049
2025-05-29 21:42:01.443,9.68037109375,-1.33984375,1.091015625,1.15966796875,-1.40380859375,-1.708984375,-52.9486083984375,-80.2276611328125,22.664794921875,97.831187934666
2025-05-29 21:42:01.477,9.551171875000001,-1.35419921875,0.9857421875000001,6.28662109375,-5.67626953125,-11.474609375,-52.5860595703125,-80.39794921875,22.39013671875,98.02773171350886
2025-05-29 21:42:01.510,9.699511718750001,-1.4642578125,0.8661132812500001,5.37109375,-1.28173828125,2.5634765625,-51.9268798828125,-80.7220458984375,21.9561767578125,98.55114666175733
2025-05-29 21:42:01.543,9.68515625,-1.29677734375,1.06708984375,9.6435546875,-0.18310546875,0.0,-51.943359375,-80.6781005859375,22.1868896484375,97.58082791297578
2025-05-29 21:42:01.582,9.699511718750001,-1.1771484375,1.01923828125,4.7607421875,1.15966796875,-1.03759765625,-51.888427734375,-80.6561279296875,22.3516845703125,96.88214253786563
2025-05-29 21:42:01.616,9.666015625,-1.2345703125,1.0431640625,5.9814453125,0.244140625,3.2958984375,-51.756591796875,-80.5902099609375,22.39013671875,97.23699493196928
2025-05-29 21:42:01.648,9.66123046875,-1.21064453125,1.03359375,7.9345703125,-1.52587890625,6.28662109375,-52.2674560546875,-80.4803466796875,23.170166015625,97.10236722436191
2025-05-29 21:42:01.681,9.66123046875,-1.0958007812500001,1.01923828125,16.11328125,-6.4697265625,8.72802734375,-53.5198974609375,-80.6231689453125,24.9554443359375,96.43556335966719
2025-05-29 21:42:01.714,9.64208984375,-1.3733398437500002,1.06708984375,6.65283203125,-1.220703125,-0.1220703125,-54.085693359375,-80.628662109375,26.0595703125,98.0576733614834
2025-05-29 21:42:01.747,9.68994140625,-1.2776367187500002,0.9666015625000001,2.74658203125,-2.9296875,0.0,-54.481201171875,-80.694580078125,26.69677734375,97.47455342675461
2025-05-29 21:42:01.780,9.66123046875,-1.2872070312500001,0.9187500000000001,0.244140625,0.54931640625,-2.0751953125,-54.415283203125,-80.74951171875,26.729736328125,97.5553770692037
2025-05-29 21:42:01.816,9.646875000000001,-1.2728515625,0.97138671875,1.708984375,-2.86865234375,2.99072265625,-54.437255859375,-80.771484375,26.817626953125,97.47905227090864
2025-05-29 21:42:01.849,9.666015625,-1.25849609375,0.95224609375,1.15966796875,-1.8310546875,1.03759765625,-54.8822021484375,-80.782470703125,27.3394775390625,97.3827272597524
2025-05-29 21:42:01.882,9.6564453125,-1.2872070312500001,0.9283203125,0.1220703125,-0.48828125,-0.67138671875,-55.1788330078125,-80.804443359375,27.6910400390625,97.55834283097208
2025-05-29 21:42:01.913,9.66123046875,-1.2537109375000002,0.9474609375,-0.54931640625,0.0,-0.732421875,-55.096435546875,-80.826416015625,27.608642578125,97.35888331071257
2025-05-29 21:42:01.947,9.670800781250001,-1.25849609375,0.95224609375,-0.91552734375,0.42724609375,-1.46484375,-54.95361328125,-80.8538818359375,27.4383544921875,97.37914922320675
2025-05-29 21:42:01.980,9.666015625,-1.2297851562500002,0.9666015625000001,-1.28173828125,1.03759765625,-1.708984375,-54.5361328125,-80.892333984375,26.9659423828125,97.21505363227158
2025-05-29 21:42:02.012,9.651660156250001,-1.25849609375,0.9570312500000001,-0.3662109375,0.1220703125,-1.3427734375,-54.371337890625,-80.914306640625,26.7681884765625,97.3931269337574
2025-05-29 21:42:02.048,9.670800781250001,-1.22021484375,0.9809570312500001,0.1220703125,0.30517578125,0.1220703125,-54.1790771484375,-80.92529296875,26.5594482421875,97.15497130442897
2025-05-29 21:42:02.083,9.66123046875,-1.2058593750000002,0.9809570312500001,-0.30517578125,0.0,0.18310546875,-54.1461181640625,-80.92529296875,26.5155029296875,97.07851577329147
2025-05-29 21:42:02.117,9.6181640625,-1.1962890625,0.9378906250000001,-0.1220703125,-0.6103515625,0.6103515625,-54.3548583984375,-80.9197998046875,26.74072265625,97.05679895809688
2025-05-29 21:42:02.149,9.436328125000001,-0.708203125,0.7751953125000001,4.39453125,-9.70458984375,3.47900390625,-55.6787109375,-80.8978271484375,28.1964111328125,94.27768628007783
2025-05-29 21:42:02.183,9.742578125000001,-1.5982421875000001,0.8421875000000001,4.94384765625,-6.28662109375,5.43212890625,-57.48046875,-81.1724853515625,30.3387451171875,99.2822190702734
2025-05-29 21:42:02.216,9.7138671875,-1.35419921875,0.8326171875,0.0,-1.953125,2.685546875,-58.38134765625,-81.1834716796875,31.35498046875,97.90776239894659
2025-05-29 21:42:02.248,9.666015625,-1.26806640625,0.8326171875,0.06103515625,-0.30517578125,0.732421875,-58.612060546875,-81.1614990234375,31.629638671875,97.44658072677164
2025-05-29 21:42:02.281,9.66123046875,-1.282421875,0.8421875000000001,0.1220703125,-0.79345703125,0.79345703125,-58.8153076171875,-81.14501953125,31.871337890625,97.53294453678198
2025-05-29 21:42:02.315,9.66123046875,-1.3015625000000002,0.8421875000000001,-0.244140625,0.30517578125,0.6103515625,-58.8812255859375,-81.1285400390625,31.9537353515625,97.64405673985706
2025-05-29 21:42:02.348,9.68994140625,-1.282421875,0.8230468750000001,0.0,-0.79345703125,0.1220703125,-59.051513671875,-81.1285400390625,32.1405029296875,97.51229673644839
2025-05-29 21:42:02.380,9.68037109375,-1.2872070312500001,0.8182617187500001,0.0,-0.30517578125,1.220703125,-59.227294921875,-81.1065673828125,32.3272705078125,97.5476317157532
2025-05-29 21:42:02.414,9.72822265625,-1.2632812500000001,0.9187500000000001,0.1220703125,-7.4462890625,-11.29150390625,-59.326171875,-81.38671875,32.4371337890625,97.36645851405196
2025-05-29 21:42:02.448,9.70908203125,-1.3350585937500001,0.7895507812500001,2.44140625,-6.40869140625,-6.8359375,-60.380859375,-81.6009521484375,33.6566162109375,97.80398027479393
2025-05-29 21:42:02.483,9.68994140625,-1.2919921875,0.6986328125000001,-0.1220703125,0.67138671875,-3.5400390625,-60.1556396484375,-81.705322265625,33.4423828125,97.57520926391147
2025-05-29 21:42:02.522,9.675585937500001,-1.1484375,0.7512695312500001,0.06103515625,-0.42724609375,-3.35693359375,-59.6063232421875,-81.826171875,32.860107421875,96.74889109049138
2025-05-29 21:42:02.558,9.68994140625,-1.1962890625,0.7369140625,0.3662109375,-1.46484375,-1.64794921875,-59.7271728515625,-81.903076171875,32.969970703125,97.01787898012671
2025-05-29 21:42:02.594,9.68994140625,-1.1819335937500002,0.74169921875,0.732421875,-1.77001953125,0.244140625,-60.0347900390625,-81.9415283203125,33.299560546875,96.93423209509488
2025-05-29 21:42:02.627,9.699511718750001,-1.1675781250000001,0.7273437500000001,1.03759765625,-2.0751953125,-0.3662109375,-60.4302978515625,-81.9854736328125,33.7445068359375,96.84491498186807
2025-05-29 21:42:02.660,9.68994140625,-1.18671875,0.69384765625,0.732421875,-1.77001953125,-1.15966796875,-60.7489013671875,-82.0458984375,34.112548828125,96.96453930470031
2025-05-29 21:42:02.693,9.675585937500001,-1.15322265625,0.68427734375,0.6103515625,-2.25830078125,-0.732421875,-61.0894775390625,-82.1282958984375,34.4805908203125,96.78018084073715
2025-05-29 21:42:02.726,9.68037109375,-1.1580078125000002,0.6747070312500001,0.732421875,-1.220703125,-0.48828125,-61.336669921875,-82.166748046875,34.771728515625,96.80519917172
2025-05-29 21:42:02.760,9.699511718750001,-1.15322265625,0.669921875,0.48828125,-1.708984375,-0.9765625,-61.5289306640625,-82.2271728515625,34.9859619140625,96.76438246786107
2025-05-29 21:42:02.792,9.670800781250001,-1.1484375,0.64599609375,0.0,0.0,0.0,-61.7047119140625,-82.2821044921875,35.1727294921875,96.75741521026518
2025-05-29 21:42:02.827,9.704296875,-1.10537109375,0.66513671875,0.06103515625,-0.18310546875,-0.79345703125,-61.6058349609375,-82.3040771484375,35.068359375,96.48320657036237
2025-05-29 21:42:02.861,9.70908203125,-1.1388671875,0.6603515625,0.244140625,-0.6103515625,0.18310546875,-61.67724609375,-82.320556640625,35.1397705078125,96.67489394705672
2025-05-29 21:42:02.894,9.699511718750001,-1.15322265625,0.6412109375,0.0,-0.67138671875,-0.30517578125,-61.8035888671875,-82.3370361328125,35.2825927734375,96.76571725224376
2025-05-29 21:42:02.927,9.694726562500001,-1.1340820312500002,0.63642578125,-0.1220703125,-1.0986328125,-0.48828125,-61.962890625,-82.3699951171875,35.430908203125,96.65789319607084
2025-05-29 21:42:02.962,9.68994140625,-1.129296875,0.64599609375,0.244140625,-0.48828125,-0.1220703125,-62.0892333984375,-82.4029541015625,35.562744140625,96.63285466819656
2025-05-29 21:42:02.995,9.666015625,-1.0144531250000002,0.6555664062500001,-0.91552734375,0.6103515625,-0.18310546875,-62.33642578125,-82.2161865234375,35.782470703125,95.97765499313297
2025-05-29 21:42:03.028,9.68515625,-1.1771484375,0.6555664062500001,0.1220703125,-0.42724609375,-0.244140625,-62.457275390625,-82.2216796875,35.8978271484375,96.91415796026158
2025-05-29 21:42:03.059,9.66123046875,-1.16279296875,0.6507812500000001,0.244140625,-0.3662109375,0.0,-62.51220703125,-82.2381591796875,35.96923828125,96.84754534144955
2025-05-29 21:42:03.096,9.68515625,-1.3829101562500001,0.6794921875000001,-0.8544921875,1.64794921875,4.5166015625,-62.5946044921875,-82.2216796875,36.05712890625,98.10647878778119
2025-05-29 21:42:03.129,9.651660156250001,-1.16279296875,0.64599609375,0.0,0.91552734375,1.03759765625,-62.457275390625,-82.078857421875,35.8648681640625,96.85446529331801
2025-05-29 21:42:03.161,9.68515625,-1.20107421875,0.6555664062500001,-0.67138671875,1.5869140625,0.54931640625,-62.3748779296875,-82.02392578125,35.7550048828125,97.05328801980535
2025-05-29 21:42:03.195,9.699511718750001,-1.1819335937500002,0.69384765625,-0.3662109375,1.15966796875,0.0,-62.138671875,-81.9854736328125,35.4638671875,96.92998742499836
2025-05-29 21:42:03.229,9.699511718750001,-1.17236328125,0.6986328125000001,-0.18310546875,0.79345703125,0.30517578125,-61.973876953125,-81.9635009765625,35.277099609375,96.87417342425748
2025-05-29 21:42:03.263,9.675585937500001,-1.1962890625,0.6986328125000001,-0.30517578125,0.244140625,0.9765625,-61.962890625,-81.9415283203125,35.2496337890625,97.03015908123076
2025-05-29 21:42:03.295,9.651660156250001,-1.225,0.6794921875000001,-0.48828125,0.91552734375,0.79345703125,-61.9573974609375,-81.903076171875,35.22216796875,97.21570121965007
2025-05-29 21:42:03.333,9.675585937500001,-1.2154296875000001,0.708203125,-0.48828125,2.01416015625,-0.30517578125,-61.6552734375,-81.8646240234375,34.881591796875,97.14098368933368
2025-05-29 21:42:03.366,9.68037109375,-1.1915039062500001,0.71298828125,-0.8544921875,2.197265625,0.06103515625,-61.182861328125,-81.8316650390625,34.3597412109375,96.99816367464692
2025-05-29 21:42:03.398,9.646875000000001,-1.1962890625,0.7225585937500001,-0.67138671875,2.01416015625,0.18310546875,-60.765380859375,-81.7822265625,33.8873291015625,97.04949583247176
2025-05-29 21:42:03.433,9.68037109375,-1.20107421875,0.74169921875,-0.732421875,2.99072265625,1.15966796875,-60.3533935546875,-81.705322265625,33.409423828125,97.05226262663827
2025-05-29 21:42:03.466,9.704296875,-1.20107421875,0.7704101562500001,-0.54931640625,2.3193359375,0.48828125,-59.87548828125,-81.6339111328125,32.882080078125,97.03355443166839
2025-05-29 21:42:03.500,9.68994140625,-1.22021484375,0.7895507812500001,-0.48828125,2.01416015625,1.3427734375,-59.5623779296875,-81.5625,32.51953125,97.15378416115946
2025-05-29 21:42:03.533,9.68037109375,-1.2345703125,0.7943359375000001,-0.48828125,1.64794921875,0.18310546875,-59.315185546875,-81.5020751953125,32.23388671875,97.24380326416313
2025-05-29 21:42:03.568,9.68037109375,-1.22021484375,0.8134765625000001,-0.48828125,1.3427734375,0.732421875,-59.073486328125,-81.463623046875,31.9537353515625,97.15929684902552
2025-05-29 21:42:03.601,9.68994140625,-1.2393554687500001,0.8230468750000001,-0.1220703125,1.220703125,1.03759765625,-58.9141845703125,-81.40869140625,31.7724609375,97.26275780474084
2025-05-29 21:42:03.634,9.68994140625,-1.244140625,0.8230468750000001,-0.18310546875,0.54931640625,0.0,-58.8043212890625,-81.3812255859375,31.651611328125,97.29049821235566
2025-05-29 21:42:03.668,9.68515625,-1.24892578125,0.8134765625000001,0.06103515625,0.244140625,0.67138671875,-58.831787109375,-81.3592529296875,31.6790771484375,97.32238641079455
2025-05-29 21:42:03.701,9.666015625,-1.25849609375,0.8230468750000001,0.0,0.3662109375,0.0,-58.7823486328125,-81.3427734375,31.629638671875,97.39161913762703
2025-05-29 21:42:03.734,9.675585937500001,-1.2345703125,0.8374023437500001,-0.06103515625,0.3662109375,0.244140625,-58.7109375,-81.3372802734375,31.552734375,97.24465228601902
2025-05-29 21:42:03.766,9.66123046875,-1.282421875,0.8134765625000001,0.06103515625,0.3662109375,0.42724609375,-58.721923828125,-81.3153076171875,31.5692138671875,97.53482709446064
2025-05-29 21:42:03.800,9.670800781250001,-1.24892578125,0.8134765625000001,0.0,0.244140625,0.244140625,-58.6669921875,-81.3043212890625,31.5142822265625,97.33306215577676
2025-05-29 21:42:03.837,9.670800781250001,-1.2537109375000002,0.82783203125,-0.18310546875,0.18310546875,0.79345703125,-58.6834716796875,-81.2823486328125,31.5252685546875,97.35994019462213
2025-05-29 21:42:03.870,9.68037109375,-1.2393554687500001,0.8469726562500001,-0.1220703125,0.244140625,-0.48828125,-58.6065673828125,-81.2823486328125,31.4483642578125,97.26828844475176
2025-05-29 21:42:03.910,9.675585937500001,-1.2632812500000001,0.8421875000000001,0.18310546875,-0.06103515625,-0.1220703125,-58.5736083984375,-81.287841796875,31.4208984375,97.41096821609597
2025-05-29 21:42:03.945,9.66123046875,-1.2537109375000002,0.8421875000000001,0.0,-0.06103515625,0.18310546875,-58.5736083984375,-81.287841796875,31.4263916015625,97.36616957241067
2025-05-29 21:42:03.977,9.68037109375,-1.2632812500000001,0.8421875000000001,0.18310546875,-0.06103515625,0.244140625,-58.634033203125,-81.27685546875,31.497802734375,97.40737277427387
2025-05-29 21:42:04.010,9.670800781250001,-1.25849609375,0.8374023437500001,0.0,-0.1220703125,0.18310546875,-58.634033203125,-81.27685546875,31.5142822265625,97.38710394147341
2025-05-29 21:42:04.045,9.627734375000001,-1.25849609375,0.8182617187500001,0.244140625,-0.30517578125,-0.732421875,-58.634033203125,-81.2933349609375,31.53076171875,97.42078055038053
2025-05-29 21:42:04.080,9.6564453125,-1.2537109375000002,0.8134765625000001,0.18310546875,1.0986328125,0.67138671875,-58.5516357421875,-81.2603759765625,31.4483642578125,97.3715969423743
2025-05-29 21:42:04.113,9.666015625,-1.26806640625,0.8421875000000001,-0.18310546875,0.732421875,0.244140625,-58.3868408203125,-81.23291015625,31.278076171875,97.44595388893671
2025-05-29 21:42:04.147,9.68515625,-1.2537109375000002,0.85654296875,0.0,0.48828125,0.6103515625,-58.3154296875,-81.2109375,31.2066650390625,97.34736940491251
2025-05-29 21:42:04.179,9.675585937500001,-1.2776367187500002,0.8421875000000001,0.0,0.244140625,-0.06103515625,-58.282470703125,-81.1944580078125,31.1737060546875,97.49423179868748
2025-05-29 21:42:04.211,9.666015625,-1.2393554687500001,0.8613281250000001,-0.06103515625,0.06103515625,0.06103515625,-58.2440185546875,-81.199951171875,31.13525390625,97.27794830711812
2025-05-29 21:42:04.243,9.670800781250001,-1.2776367187500002,0.8613281250000001,0.1220703125,0.06103515625,0.1220703125,-58.271484375,-81.18896484375,31.1737060546875,97.49658810850748
2025-05-29 21:42:04.276,9.670800781250001,-1.26806640625,0.8613281250000001,-0.06103515625,-0.30517578125,0.0,-58.29345703125,-81.18896484375,31.2066650390625,97.44106551261122
2025-05-29 21:42:04.309,9.670800781250001,-1.2728515625,0.8421875000000001,0.1220703125,0.18310546875,0.244140625,-58.3538818359375,-81.177978515625,31.278076171875,97.47010603821582
2025-05-29 21:42:04.343,9.666015625,-1.2776367187500002,0.8469726562500001,0.1220703125,-0.1220703125,0.1220703125,-58.33740234375,-81.1724853515625,31.278076171875,97.50119377657455
2025-05-29 21:42:04.379,9.66123046875,-1.25849609375,0.8469726562500001,0.06103515625,0.0,0.06103515625,-58.3538818359375,-81.177978515625,31.300048828125,97.39365999804969
2025-05-29 21:42:04.413,9.675585937500001,-1.2728515625,0.8469726562500001,0.06103515625,0.0,0.18310546875,-58.359375,-81.1669921875,31.322021484375,97.466164515624
2025-05-29 21:42:04.447,9.666015625,-1.2728515625,0.8469726562500001,0.1220703125,-0.06103515625,0.0,-58.359375,-81.1669921875,31.3275146484375,97.47341757672977
2025-05-29 21:42:04.478,9.670800781250001,-1.2776367187500002,0.8517578125,0.0,-0.3662109375,0.42724609375,-58.480224609375,-81.1724853515625,31.4593505859375,97.49723267946041
2025-05-29 21:42:04.514,9.68037109375,-1.282421875,0.8517578125,0.244140625,-0.3662109375,0.0,-58.5955810546875,-81.1669921875,31.5911865234375,97.51769322629328
2025-05-29 21:42:04.547,9.68515625,-1.26806640625,0.85654296875,0.244140625,-0.67138671875,-0.6103515625,-58.623046875,-81.1834716796875,31.640625,97.43056466497481
2025-05-29 21:42:04.580,9.66123046875,-1.25849609375,0.8421875000000001,0.30517578125,-1.15966796875,-0.8544921875,-58.6834716796875,-81.2274169921875,31.7230224609375,97.39397419511822
2025-05-29 21:42:04.614,9.670800781250001,-1.25849609375,0.8326171875,0.54931640625,-0.6103515625,-0.06103515625,-58.7933349609375,-81.2603759765625,31.8603515625,97.38741375235163
2025-05-29 21:42:04.648,9.675585937500001,-1.2632812500000001,0.82783203125,0.30517578125,-1.03759765625,-0.54931640625,-58.86474609375,-81.287841796875,31.97021484375,97.41189970662406
2025-05-29 21:42:04.680,9.64208984375,-1.2728515625,0.80390625,0.42724609375,-1.28173828125,-0.48828125,-59.0130615234375,-81.331787109375,32.1405029296875,97.49442335105397
2025-05-29 21:42:04.712,9.66123046875,-1.2537109375000002,0.80869140625,0.54931640625,0.1220703125,-0.6103515625,-59.051513671875,-81.3592529296875,32.2119140625,97.36831227476597
2025-05-29 21:42:04.745,9.670800781250001,-1.22021484375,0.82783203125,0.3662109375,-0.48828125,-0.9765625,-58.9141845703125,-81.38671875,32.0965576171875,97.16537201709187
2025-05-29 21:42:04.777,9.68994140625,-1.2393554687500001,0.80869140625,0.48828125,-1.03759765625,0.18310546875,-58.9691162109375,-81.419677734375,32.178955078125,97.26364781060843
2025-05-29 21:42:04.809,9.68515625,-1.25849609375,0.7991210937500001,0.30517578125,-1.15966796875,-0.9765625,-59.150390625,-81.4471435546875,32.3931884765625,97.37877498557481
2025-05-29 21:42:04.848,9.68037109375,-1.21064453125,0.80390625,0.48828125,-1.64794921875,-1.46484375,-59.2547607421875,-81.5185546875,32.51953125,97.10429809615665
2025-05-29 21:42:04.883,9.675585937500001,-1.21064453125,0.7895507812500001,0.54931640625,-1.5869140625,-0.732421875,-59.403076171875,-81.5899658203125,32.706298828125,97.10860558372208
2025-05-29 21:42:04.916,9.675585937500001,-1.2154296875000001,0.76083984375,0.42724609375,-1.5869140625,-1.28173828125,-59.5953369140625,-81.650390625,32.9425048828125,97.13808230833985
2025-05-29 21:42:04.948,9.694726562500001,-1.21064453125,0.77998046875,0.42724609375,-1.64794921875,-0.244140625,-59.83154296875,-81.705322265625,33.211669921875,97.09536313932914
2025-05-29 21:42:04.981,9.68994140625,-1.20107421875,0.765625,0.6103515625,-1.953125,-0.244140625,-60.1885986328125,-81.749267578125,33.6126708984375,97.04407639423084
2025-05-29 21:42:05.014,9.670800781250001,-1.225,0.7369140625,0.6103515625,-1.3427734375,0.30517578125,-60.556640625,-81.7767333984375,34.03564453125,97.19855800505522
2025-05-29 21:42:05.045,9.666015625,-1.11494140625,0.7464843750000001,0.30517578125,-1.77001953125,-0.06103515625,-60.79833984375,-81.76025390625,34.3157958984375,96.56042798135358
2025-05-29 21:42:05.080,9.675585937500001,-1.2537109375000002,0.708203125,0.3662109375,-1.3427734375,0.48828125,-61.2652587890625,-81.7877197265625,34.837646484375,97.3634652514524
2025-05-29 21:42:05.114,9.68037109375,-1.2058593750000002,0.7177734375,0.30517578125,-0.91552734375,0.67138671875,-61.4630126953125,-81.7767333984375,35.0628662109375,97.08137317501257
2025-05-29 21:42:05.147,9.694726562500001,-1.31591796875,0.7225585937500001,0.244140625,-1.0986328125,1.220703125,-61.85302734375,-81.7822265625,35.48583984375,97.70870439530772
2025-05-29 21:42:05.179,9.666015625,-1.16279296875,0.7225585937500001,0.244140625,-0.54931640625,0.54931640625,-62.0068359375,-81.7657470703125,35.6561279296875,96.84064548025047
2025-05-29 21:42:05.212,9.670800781250001,-1.2297851562500002,0.708203125,0.42724609375,-1.46484375,-0.42724609375,-62.2430419921875,-81.793212890625,35.9417724609375,97.22795803847644
2025-05-29 21:42:05.244,9.651660156250001,-1.2393554687500001,0.6794921875000001,0.3662109375,-0.9765625,0.06103515625,-62.490234375,-81.826171875,36.2274169921875,97.29935343660027
2025-05-29 21:42:05.276,9.622949218750001,-1.22021484375,0.6794921875000001,0.1220703125,0.0,0.1220703125,-62.5726318359375,-81.73828125,36.32080078125,97.20892532775586
2025-05-29 21:42:05.312,9.646875000000001,-1.2632812500000001,0.6890625,-0.06103515625,0.244140625,-0.42724609375,-62.589111328125,-81.727294921875,36.3372802734375,97.44181936636414
2025-05-29 21:42:05.347,9.6373046875,-1.2537109375000002,0.66513671875,-0.3662109375,1.953125,-0.3662109375,-62.33642578125,-81.71630859375,36.068115234375,97.39455268186204
2025-05-29 21:42:05.381,9.68037109375,-1.22021484375,0.7177734375,-0.18310546875,2.0751953125,0.06103515625,-61.7926025390625,-81.6778564453125,35.48583984375,97.16480420908196
2025-05-29 21:42:05.413,9.694726562500001,-1.20107421875,0.7464843750000001,-0.244140625,1.28173828125,1.0986328125,-61.5509033203125,-81.6339111328125,35.211181640625,97.04172256282784
2025-05-29 21:42:05.447,9.68037109375,-1.2632812500000001,0.7369140625,-0.244140625,1.15966796875,1.3427734375,-61.446533203125,-81.5679931640625,35.0958251953125,97.41382964090427
2025-05-29 21:42:05.479,9.66123046875,-1.25849609375,0.7273437500000001,-0.3662109375,0.91552734375,0.42724609375,-61.380615234375,-81.5240478515625,35.0079345703125,97.40099130219582
2025-05-29 21:42:05.512,9.666015625,-1.25849609375,0.76083984375,-0.244140625,1.46484375,1.03759765625,-61.2103271484375,-81.474609375,34.8101806640625,97.39544869702173
2025-05-29 21:42:05.546,9.670800781250001,-1.2872070312500001,0.765625,-0.30517578125,1.15966796875,0.9765625,-61.116943359375,-81.40869140625,34.69482421875,97.5582692123931
2025-05-29 21:42:05.580,9.68515625,-1.2776367187500002,0.7704101562500001,-0.3662109375,1.03759765625,1.3427734375,-61.051025390625,-81.3482666015625,34.60693359375,97.49150219519356
2025-05-29 21:42:05.613,9.670800781250001,-1.2919921875,0.7704101562500001,-0.1220703125,1.28173828125,0.42724609375,-60.9027099609375,-81.298828125,34.453125,97.58574746798054
2025-05-29 21:42:05.646,9.66123046875,-1.2728515625,0.7991210937500001,-0.18310546875,1.0986328125,1.0986328125,-60.743408203125,-81.2548828125,34.27734375,97.48014668385402
2025-05-29 21:42:05.680,9.666015625,-1.30634765625,0.784765625,-0.1220703125,1.220703125,1.28173828125,-60.6610107421875,-81.18896484375,34.1839599609375,97.67186362372584
2025-05-29 21:42:05.712,9.6564453125,-1.320703125,0.7895507812500001,-0.42724609375,1.46484375,1.40380859375,-60.5511474609375,-81.123046875,34.0521240234375,97.76238419144644
2025-05-29 21:42:05.745,9.666015625,-1.3111328125000001,0.8182617187500001,-0.30517578125,1.77001953125,0.18310546875,-60.238037109375,-81.0736083984375,33.717041015625,97.69745847153132
2025-05-29 21:42:05.781,9.68037109375,-1.30634765625,0.8230468750000001,-0.1220703125,1.0986328125,-0.06103515625,-59.9688720703125,-81.0516357421875,33.4368896484375,97.65822682186672
2025-05-29 21:42:05.815,9.675585937500001,-1.30634765625,0.8421875000000001,-0.1220703125,0.91552734375,-0.1220703125,-59.7491455078125,-81.0406494140625,33.20068359375,97.66066316176592
2025-05-29 21:42:05.851,9.666015625,-1.30634765625,0.8421875000000001,-0.1220703125,0.67138671875,-0.1220703125,-59.5843505859375,-81.0296630859375,33.0303955078125,97.66810133585031
2025-05-29 21:42:05.883,9.666015625,-1.30634765625,0.8469726562500001,-0.244140625,0.91552734375,-0.06103515625,-59.4195556640625,-81.0186767578125,32.84912109375,97.6677760842889
2025-05-29 21:42:05.917,9.6564453125,-1.31591796875,0.8517578125,-0.06103515625,0.42724609375,-0.06103515625,-59.3096923828125,-81.0076904296875,32.7337646484375,97.73044853502941
2025-05-29 21:42:05.950,9.670800781250001,-1.31591796875,0.8613281250000001,0.0,0.244140625,0.1220703125,-59.2767333984375,-80.9912109375,32.7008056640625,97.71853593739381
2025-05-29 21:42:05.982,9.627734375000001,-1.3015625000000002,0.8230468750000001,0.06103515625,0.6103515625,1.03759765625,-59.293212890625,-80.9637451171875,32.7227783203125,97.67142956194793
2025-05-29 21:42:06.015,9.6564453125,-1.320703125,0.8421875000000001,0.06103515625,1.52587890625,0.30517578125,-59.0460205078125,-80.914306640625,32.4755859375,97.7588786543183
2025-05-29 21:42:06.049,9.666015625,-1.29677734375,0.87568359375,-0.18310546875,0.91552734375,0.30517578125,-58.8427734375,-80.892333984375,32.255859375,97.61028774941089
2025-05-29 21:42:06.083,9.666015625,-1.33984375,0.8708984375000001,0.0,0.91552734375,0.18310546875,-58.73291015625,-80.8538818359375,32.14599609375,97.86026314275243
2025-05-29 21:42:06.126,9.6564453125,-1.30634765625,0.87568359375,-0.1220703125,0.06103515625,-0.06103515625,-58.6395263671875,-80.8538818359375,32.047119140625,97.67323251453338
2025-05-29 21:42:06.168,9.670800781250001,-1.3111328125000001,0.8900390625000001,0.1220703125,0.42724609375,0.30517578125,-58.6065673828125,-80.8428955078125,32.0196533203125,97.6887792028353
2025-05-29 21:42:06.206,9.6564453125,-1.33984375,0.8948242187500001,-0.244140625,-0.18310546875,0.42724609375,-58.634033203125,-80.8209228515625,32.0526123046875,97.86614853716706
2025-05-29 21:42:06.239,9.670800781250001,-1.3302734375,0.8852539062500001,0.244140625,-0.06103515625,0.0,-58.677978515625,-80.8209228515625,32.1075439453125,97.79999929304385
2025-05-29 21:42:06.277,9.646875000000001,-1.3302734375,0.87568359375,0.06103515625,-0.1220703125,0.30517578125,-58.6834716796875,-80.8154296875,32.135009765625,97.81963964437759
2025-05-29 21:42:06.310,9.651660156250001,-1.3015625000000002,0.88046875,0.06103515625,0.0,-0.30517578125,-58.6944580078125,-80.8154296875,32.156982421875,97.64883543867525
2025-05-29 21:42:06.344,9.666015625,-1.320703125,0.8708984375000001,0.06103515625,-0.30517578125,0.8544921875,-58.6944580078125,-80.8154296875,32.178955078125,97.74934776842862
